"Category","Brand","Product Name","SKU","Price (EGP)","Product URL","Image URL"
"Men Fragrance","GIORGIO ARMANI","STRONGER WITH YOU EAU DE PARFUM AMBER - 100ML","3614274708400","8000","https://mazaya.eg/en/stronger-with-you-eau-de-parfum-amber-100ml","https://www.mazaya.eg/media/catalog/product/3/6/3614274708400-1.png?store=en&image-type=small_image"
"Men Fragrance","GIORGIO ARMANI","STRONGER WITH YOU PARFUM","STRONGER WITH YOU PARFUM","5900","https://mazaya.eg/en/stronger-with-you-parfum","https://www.mazaya.eg/media/catalog/product/g/a/ga_2025_ea-swy-parfum_100ml_3614274219579_rvb-4000_1.png?store=en&image-type=small_image"
"Men Fragrance","GIORGIO ARMANI","Armani Code Eau de Parfum","Armani Code Eau de Parfum","7200","https://mazaya.eg/en/armani-code-eau-de-parfum","https://www.mazaya.eg/media/catalog/product/c/o/copy_of_copy_of_ga_2024_armani-code-edp_75ml_3614273636414_rvb-4000.jpg?store=en&image-type=small_image"
"Men Fragrance","GIORGIO ARMANI","GA NEW CODE EDT V","GA NEW CODE EDT V","6500","https://mazaya.eg/en/ga-new-code-edt-v","https://www.mazaya.eg/media/catalog/product/g/a/ga_2023_armani-code-edt_75ml_3614273636568_rvb-4000.png?store=en&image-type=small_image"
"Men Fragrance","GIORGIO ARMANI","Armani Code Le Parfum","Armani Code Le Parfum","8800","https://mazaya.eg/en/armani-code-parfum","https://www.mazaya.eg/media/catalog/product/g/a/ga_2022_armani-code-parfum_125ml_3614273604932_rvb-4000-photoroom_2_1.png?store=en&image-type=small_image"
"Men Fragrance","GIORGIO ARMANI","You Absolutely ","YOU ABSOLUTELY","5700","https://mazaya.eg/en/you-absolutely123455-html12","https://www.mazaya.eg/media/catalog/product/a/r/armani_1a.jpg?store=en&image-type=small_image"
"Men Fragrance","GIORGIO ARMANI","Stronger With You Intensely Eau de Parfum","Armani Stronger With You Intensely EDP","7200","https://mazaya.eg/en/emporio-armani-stronger-with-you-intensely-edp123455-html12","https://www.mazaya.eg/media/catalog/product/1/3/13_5.jpg?store=en&image-type=small_image"
"Men Fragrance","GIORGIO ARMANI","Stronger With You AMBER EDP","3614273762137","5600","https://mazaya.eg/en/stronger-with-you-amber-edp","https://www.mazaya.eg/media/catalog/product/3/6/3614273762137.jpg?store=en&image-type=small_image"
"Men Fragrance","GIORGIO ARMANI","EMPORIO ARMANI STRONGER WITH YOU INTENSELY 30ML","3614272225695","3700","https://mazaya.eg/en/emporio-armani-stronger-with-you-intensely-30ml","https://www.mazaya.eg/media/catalog/product/1/3/131175384-1.jpg?store=en&image-type=small_image"
"Men Fragrance","GIORGIO ARMANI","STRONGER WITH YOU TOBACCO","3614274040067","7500","https://mazaya.eg/en/stronger-with-you-tobacco","https://www.mazaya.eg/media/catalog/product/g/a/ga_2024_ea-swy-tobacco_100ml_bf_3614274040067_rvb-4000r.png?store=en&image-type=small_image"
"Men Fragrance","GIORGIO ARMANI","Armani Code Parfum Refill 150ML","3614273604895","8800","https://mazaya.eg/en/armani-code-parfum-refill-150ml","https://www.mazaya.eg/media/catalog/product/3/6/3614273604895.jpg?store=en&image-type=small_image"
"Men Fragrance","GIORGIO ARMANI","Acqua Di Gio EDP Refill 150 ML","3614273662413","5600","https://mazaya.eg/en/acqua-di-gio-eau-de-parfum-refill-150-ml","https://www.mazaya.eg/media/catalog/product/2/_/2_3_3-photoroom.png-photoroom_1.png?store=en&image-type=small_image"
"Men Fragrance","GIORGIO ARMANI","Aqua Di Gio Eau de Parfum","Aqua Di Gio Eau de Parfum","6300","https://mazaya.eg/en/aqua-di-gio-eau-de-parfum","https://www.mazaya.eg/media/catalog/product/2/_/2_2_3resize_.jpg?store=en&image-type=small_image"
"Men Fragrance","GIORGIO ARMANI","Code Eau de Parfum","ARMANI CODE EDP","5600","https://mazaya.eg/en/armani-code-edp-23123455-html12","https://www.mazaya.eg/media/catalog/product/c/o/code-men-edp-spray-60-ml_1.jpg?store=en&image-type=small_image"
"Men Fragrance","GIORGIO ARMANI","Acqua Di Gio Profondo Eau de Parfum","Acqua Di Gio Profondo EDP","6700","https://mazaya.eg/en/acqua-di-gio-profondo-edp123455-html12","https://www.mazaya.eg/media/catalog/product/1/_/1_2_3.jpg?store=en&image-type=small_image"
"Men Fragrance","GIORGIO ARMANI","Acqua Di Gio Eau de Toilette","Giorgio Armani Acqua Di Gio for Men EDT","6500","https://mazaya.eg/en/aqua-de-gio-man-edt123455-html12","https://www.mazaya.eg/media/catalog/product/a/q/aqua_de_gio_man_100_ml_edt.jpg?store=en&image-type=small_image"
"Men Fragrance","Lattafa","Spray Asad Elixir 100 ml","6290362346548","1785","https://mazaya.eg/en/spray-asad-elixir-100-ml","https://www.mazaya.eg/media/catalog/product/6/2/6290362346548_1.png?store=en&image-type=small_image"
"Men Fragrance","Lattafa","Spray Khamrah DUKHAN 100ml","6290362342373","2130","https://mazaya.eg/en/spray-khamrah-dukhan-100ml","https://www.mazaya.eg/media/catalog/product/u/n/untitled-1_15_1.jpg?store=en&image-type=small_image"
"Men Fragrance","Lattafa","Spray His Confession 100 ml.","6290360599113","2530","https://mazaya.eg/en/spray-his-confession-100-ml","https://backend.mazaya.eg/static/version1776156351/frontend/Magento/luma/en_US/Magento_Catalog/images/product/placeholder/small_image.jpg"
"Men Fragrance","Lattafa","Spray The Kingdom Man 100ml","6290360598345","1955","https://mazaya.eg/en/spray-the-kingdom-man-100ml","https://www.mazaya.eg/media/catalog/product/k/i/kingdom-men-1.jpg?store=en&image-type=small_image"
"Men Fragrance","Lattafa","Spray Maahir 100 ML","6291107456744","2070","https://mazaya.eg/en/spray-maahir-100-ml","https://www.mazaya.eg/media/catalog/product/m/a/maahir-1.jpg?store=en&image-type=small_image"
"Men Fragrance","Lattafa","Spray Maahir Legacy 100 Ml","6290360590189","2070","https://mazaya.eg/en/spray-maahir-legacy-100-ml","https://www.mazaya.eg/media/catalog/product/m/a/maahir_legacy-1.jpg?store=en&image-type=small_image"
"Men Fragrance","Lattafa","Spray Asad Bourbon  100 Ml","6290362340362","1805","https://mazaya.eg/en/spray-asad-bourbon-100-ml","https://www.mazaya.eg/media/catalog/product/a/s/asad-bourbon-6290362340362.jpg?store=en&image-type=small_image"
"Men Fragrance","Lattafa","Spray Fakhar Lattafa Man 100 ML","6291107456058","1495","https://mazaya.eg/en/spray-fakhar-lattafa-man-100-ml","https://www.mazaya.eg/media/catalog/product/6/2/6291107456058---.jpg?store=en&image-type=small_image"
"Men Fragrance","Lattafa","Spray Khamrah Qahwa 100 Ml","6290360593661","2045","https://mazaya.eg/en/spray-khamrah-qahwa-100-ml","https://www.mazaya.eg/media/catalog/product/k/h/khamra_qahwa.jpg?store=en&image-type=small_image"
"Men Fragrance","Lattafa","Spray Khamrah 100 ML","6291108737194","2045","https://mazaya.eg/en/spray-khamrah-100-ml","https://www.mazaya.eg/media/catalog/product/k/h/khamra.jpg?store=en&image-type=small_image"
"Men Fragrance","Lattafa","Spray Badee Al Oud Sublime 100 ML","6290360593142","1840","https://mazaya.eg/en/spray-badee-al-oud-sublime-100-ml","https://www.mazaya.eg/media/catalog/product/b/a/badee_el_oud_suplime.jpg?store=en&image-type=small_image"
"Men Fragrance","Lattafa","Spray Asad 100 Ml","6291108735411","1555","https://mazaya.eg/en/spray-asad-100-ml","https://www.mazaya.eg/media/catalog/product/a/s/asad-01.jpg?store=en&image-type=small_image"
"Men Fragrance","Lattafa","Spray Ana Abiyedh 60 Ml","6291106066890","1095","https://mazaya.eg/en/spray-ana-abiyedh-60-ml","https://www.mazaya.eg/media/catalog/product/a/n/ana_el_abiyad.jpg?store=en&image-type=small_image"
"Men Fragrance","Lattafa","LATTAFA PRIDE Spray Al Ameed Silver 100ml","6291108738252","2130","https://mazaya.eg/en/lattafa-pride-spray-al-ameed-silver-100ml","https://www.mazaya.eg/media/catalog/product/6/2/6291108738252.jpeg?store=en&image-type=small_image"
"Men Fragrance","Lattafa","LATTAFA PRIDE Spray Ishq Al Shuyukh Gold 100ml","6291108738665","2130","https://mazaya.eg/en/lattafa-pride-spray-ishq-al-shuyukh-gold-100ml","https://www.mazaya.eg/media/catalog/product/i/s/ishq_al_shuyukh_gold-1.jpg?store=en&image-type=small_image"
"Men Fragrance","Lattafa","Spray Hayaati Al Maleky 100 Ml","6291108734056","1030","https://mazaya.eg/en/spray-hayaati-al-maleky-100-ml","https://www.mazaya.eg/media/catalog/product/h/a/hayaati_al_maleky-1.jpg?store=en&image-type=small_image"
"Men Fragrance","Lattafa","Spray Sheikh Al Shuyukh Luxe Edition 100 Ml","6291106063981","980","https://mazaya.eg/en/spray-sheikh-al-shuyukh-luxe-edition-100-ml","https://www.mazaya.eg/media/catalog/product/s/h/sheikh_al_shuyukh_luxe_edition-1.jpg?store=en&image-type=small_image"
"Men Fragrance","Lattafa","Spray Qimmah Man 100 Ml","6291107450582","980","https://mazaya.eg/en/spray-qimmah-man-100-ml","https://www.mazaya.eg/media/catalog/product/q/i/qimmah_man-1.jpg?store=en&image-type=small_image"
"Men Fragrance","Lattafa","Spray Qaed Al Fursan Unlimited 90ml","6291108739020","920","https://mazaya.eg/en/spray-qaed-al-fursan-unlimited-90ml","https://www.mazaya.eg/media/catalog/product/q/a/qaed_al_fursan_unlimited-1.jpg?store=en&image-type=small_image"
"Men Fragrance","Lattafa","Spray Raghba for Man 100 Ml + 50 Ml Deo","6291106060065","890","https://mazaya.eg/en/spray-raghba-for-man-100-ml-50-ml-deo","https://backend.mazaya.eg/static/version1776156351/frontend/Magento/luma/en_US/Magento_Catalog/images/product/placeholder/small_image.jpg"
"Men Fragrance","Lattafa","Spray Asad Zanzibar 100ml","6290360598666","1580","https://mazaya.eg/en/spray-asad-zanzibar-100ml","https://www.mazaya.eg/media/catalog/product/a/s/asad_zanzibar-1.jpg?store=en&image-type=small_image"
"Men Fragrance","Lattafa","Spray Al Nashama 100ml","6290360591544","1840","https://mazaya.eg/en/spray-al-nashama-100ml","https://www.mazaya.eg/media/catalog/product/a/l/al-nashama-1.jpeg?store=en&image-type=small_image"
"Men Fragrance","Lattafa","Spray Ramz Lattafa Silver 100 Ml","6291106066722","980","https://mazaya.eg/en/spray-ramz-lattafa-silver-100-ml","https://www.mazaya.eg/media/catalog/product/r/a/ramz_lattafa_silver_-1.jpg?store=en&image-type=small_image"
"Men Fragrance","Lattafa","Perfumed Spray Target Homme 250 Ml","6291107456133","140","https://mazaya.eg/en/perfumed-spray-target-homme-250-ml","https://www.mazaya.eg/media/catalog/product/6/2/6291107456133_qvwhjg7vakreeuhu.jpg?store=en&image-type=small_image"
"Men Fragrance","Lattafa","Spray Precious Moments 100 Ml","6291106062175","795","https://mazaya.eg/en/spray-precious-moments-100-ml","https://www.mazaya.eg/media/catalog/product/6/2/6291106062175_gjsw1pat6fdpsrqc.jpg?store=en&image-type=small_image"
"Men Fragrance","Lattafa","Spray Badee Al Oud Amethyst 100ml","6291108733875","1840","https://mazaya.eg/en/spray-badee-al-oud-amethyst-100ml","https://www.mazaya.eg/media/catalog/product/6/2/6291108733875.png?store=en&image-type=small_image"
"Men Fragrance","Valentino ","Valentino Born In Roma Uomo Rendez-Vous Ivory EDT 100ml","3614274337341","8800","https://mazaya.eg/en/valentino-born-in-roma-uomo-rendez-vous-ivory-edt-100ml","https://www.mazaya.eg/media/catalog/product/3/6/3614274337341-3.png?store=en&image-type=small_image"
"Men Fragrance","Valentino ","Born in Roma Uomo Green Stravaganza","Born in Roma Uomo Green Stravaganza","6700","https://mazaya.eg/en/born-in-roma-uomo-green-stravaganza","https://www.mazaya.eg/media/catalog/product/v/a/valentino-uomo-born-in-roma-green-stravaganza-768x768.jpg?store=en&image-type=small_image"
"Men Fragrance","Valentino ","BIRoma UOMO Man 100 ML","3614272761469","7900","https://mazaya.eg/en/biroma-uomo-man-100-ml","https://www.mazaya.eg/media/catalog/product/3/6/3614272761469_1_.jpg?store=en&image-type=small_image"
"Men Fragrance","Valentino ","UOMO BORN IN ROMA EAU DE TOILETTE - 50ml","3614272761452","6700","https://mazaya.eg/en/uomo-born-in-roma-eau-de-toilette","https://www.mazaya.eg/media/catalog/product/2/1/213_1_4.jpg?store=en&image-type=small_image"
"Men Fragrance","Valentino ","UOMO BORN IN ROMA YELLOW DREAM EAU DE TOILETTE","UOMO BORN IN ROMA YELLOW DREAM EAU DE TOILETTE","7900","https://mazaya.eg/en/uomo-born-in-roma-yellow-dream-eau-de-toilette","https://www.mazaya.eg/media/catalog/product/v/a/valentino_fragrance_-_uomo_-_bir_yd_-_3614273261425_-_packshot_front_view_100ml.jpg?store=en&image-type=small_image"
"Men Fragrance","Valentino ","UOMO BORN IN ROMA YELLOW DREAM 50 ML SET","3614273261432","6700","https://mazaya.eg/en/uomo-born-in-roma-yellow-dream-eau-de-toilette-50-ml","https://www.mazaya.eg/media/catalog/product/3/6/3614273261432_5.jpg?store=en&image-type=small_image"
"Men Fragrance","Valentino ","UOMO BORN IN ROMA CORAL FANTASY EAU DE TOILETTE - 50ML","3614273672122","6700","https://mazaya.eg/en/uomo-born-in-roma-coral-fantasy-eau-de-toilette","https://www.mazaya.eg/media/catalog/product/1/2/12.jpg?store=en&image-type=small_image"
"Men Fragrance","Valentino ","Born in Roma Uomo Extradose 100ml","3614274350739","8800","https://mazaya.eg/en/born-in-roma-uomo-extradose-100ml","https://www.mazaya.eg/media/catalog/product/3/6/3614274350739-main.jpg?store=en&image-type=small_image"
"Men Fragrance","Valentino ","UOMO INTENSE EDP 100ML","3614272732278","8000","https://mazaya.eg/en/uomo-intense-edp-100ml","https://www.mazaya.eg/media/catalog/product/v/a/valentino_21_-_gamme_new_capot_-_uomo_intense_100ml_-_flacon_etui_-_ec2_dhd_.jpg?store=en&image-type=small_image"
"Men Fragrance","Valentino ","Garavani Men Uomo EDT","3614272732209","7700","https://mazaya.eg/en/garavani-men-uomo-edt","https://www.mazaya.eg/media/catalog/product/3/6/3614272732209.jpg?store=en&image-type=small_image"
"Men Fragrance","Valentino ","Valentino BIR UOMO EDP INTENSE Man","Valentino BIR UOMO EDP INTENSE Man","7200","https://mazaya.eg/en/valentino-bir-uomo-edp-intense-man","https://www.mazaya.eg/media/catalog/product/3/6/3614273790833_1.jpg?store=en&image-type=small_image"
"Men Fragrance","Valentino ","VALENTINO UOMO INTENSE EAU DE PARFUM - 50ml","3614272731899","7000","https://mazaya.eg/en/valentino-uomo-intense-eau-de-parfum","https://www.mazaya.eg/media/catalog/product/1/_/1_9_3.jpg?store=en&image-type=small_image"
"Men Fragrance","YVES SAINT LAURENT","MYSLF LABSOLU","MYSLF LABSOLU","8200","https://mazaya.eg/en/myslf-labsolu","https://www.mazaya.eg/media/catalog/product/3/6/3614274329384_2_.png?store=en&image-type=small_image"
"Men Fragrance","YVES SAINT LAURENT","Y LE PARFUM","Y LE PARFUM-1","8200","https://mazaya.eg/en/y-le-parfum","https://www.mazaya.eg/media/catalog/product/l/f/lf113500_ysl_dmi_fram_y_le-parfum_reno_packshot_threequarter_100ml_03614274266801_rgb.jpg?store=en&image-type=small_image"
"Men Fragrance","YVES SAINT LAURENT","MYSLF Refill V150ML","3614273852807","8500","https://mazaya.eg/en/myslf-refill-v150ml","https://www.mazaya.eg/media/catalog/product/3/6/3614273852807.jpg?store=en&image-type=small_image"
"Men Fragrance","YVES SAINT LAURENT","Y EDP REFILL 150ML","3614274057348","8700","https://mazaya.eg/en/y-edp-refill-150ml","https://www.mazaya.eg/media/catalog/product/3/6/3614274057348_3.jpg?store=en&image-type=small_image"
"Men Fragrance","YVES SAINT LAURENT","MYSLF LE PARFUM","MYSLF LE PARFUM","8000","https://mazaya.eg/en/myslf-le-parfum","https://www.mazaya.eg/media/catalog/product/m/y/myslf_le_parfum_100ml_3614274114645_1_1.jpg?store=en&image-type=small_image"
"Men Fragrance","YVES SAINT LAURENT","YSL MYSLF EDP","YSL MYSLF EDP","7200","https://mazaya.eg/en/ysl-myslf-edp","https://www.mazaya.eg/media/catalog/product/y/s/ysl_dmi_fram_myslf_edp_digital-still-life_range-on-the-floor_square_3000x3000px_rgb_2.jpg?store=en&image-type=small_image"
"Men Fragrance","YVES SAINT LAURENT","Y Eau De Parfum Intense","Y Eau De Parfum Intense","8000","https://mazaya.eg/en/y-eau-de-parfum-intense","https://www.mazaya.eg/media/catalog/product/e/z/ezgif-2-a1ea2779c9.jpg?store=en&image-type=small_image"
"Men Fragrance","YVES SAINT LAURENT","Y Eau de Toilette","Y EAU DE TOILETTE","6300","https://mazaya.eg/en/y-eau-de-toilette","https://www.mazaya.eg/media/catalog/product/y/s/ysl_dmi_fram_y-edt_packshot_threequarter_100ml_1000x1000px_3614273683401_rgb_1.jpg?store=en&image-type=small_image"
"Men Fragrance","YVES SAINT LAURENT","Y Eau de Parfum","Yves Saint Laurent Y EDP","7000","https://mazaya.eg/en/yves-saint-laurent-y-edp123455-html12344","https://www.mazaya.eg/media/catalog/product/3/6/3614272050358_100ml_y-eau-de-parfum_alt1_1_1.png?store=en&image-type=small_image"
"Men Fragrance","YVES SAINT LAURENT","Y EDP set","6222066406938","8700","https://mazaya.eg/en/y-edp-set","https://www.mazaya.eg/media/catalog/product/6/2/6222066406938.png?store=en&image-type=small_image"
"Men Fragrance","YVES SAINT LAURENT","YSL Y Le parfum 200  ML","3614273846035","8800","https://mazaya.eg/en/ysl-y-le-parfum-200-ml","https://www.mazaya.eg/media/catalog/product/3/6/3614273846035_2_.jpg?store=en&image-type=small_image"
"Men Fragrance","YVES SAINT LAURENT","La Nuit de L'Homme Bleu Electrique Eau de Toilette","LA NUIT DE L'HOMME BLEU ELECTRIQUE EAU DE TOILETTE","5500","https://mazaya.eg/en/la-nuit-de-l-homme-bleu-electrique-eau-de-toilette123455-html12344","https://www.mazaya.eg/media/catalog/product/y/v/yves-saint-laurent-la-nuit-de-l-homme-eau-electrique-edt.jpg?store=en&image-type=small_image"
"Men Fragrance","YVES SAINT LAURENT","Y Le Parfum","Y LE PARFUM","7800","https://mazaya.eg/en/y-le-parfum123455-html12344","https://www.mazaya.eg/media/catalog/product/y/v/yves-saint-laurent-y-le-parfum-eau-de-parfum-60-ml_1.jpg?store=en&image-type=small_image"
"Men Fragrance","YVES SAINT LAURENT","L’Homme Le Parfum","L’Homme Le Parfum","6500","https://mazaya.eg/en/l-homme-le-parfum","https://www.mazaya.eg/media/catalog/product/5/0/50m_4.jpg?store=en&image-type=small_image"
"Men Fragrance","POLICE","RICH GUY FOR MAN EDT 100ML VAPO","679602001335","2420","https://mazaya.eg/en/rich-guy-for-man-edt-100ml-vapo","https://www.mazaya.eg/media/catalog/product/p/o/police_rich_guy_100ml_v2.png?store=en&image-type=small_image"
"Men Fragrance","POLICE","POLICE CONTEMPORARY SILVER ALLURE FOR MAN EAU DE TOILETTE 100 ML VAPO","679602591010","1320","https://mazaya.eg/en/police-contemporary-silver-allure-for-man-eau-de-toilette-100-ml-vapo","https://www.mazaya.eg/media/catalog/product/6/7/679602591010-1.jpg?store=en&image-type=small_image"
"Men Fragrance","POLICE","POLICE AMBER GOLD FOR MAN EAU DE TOILETTE 100 ML VAPO","679602531108","1320","https://mazaya.eg/en/police-amber-gold-for-man-eau-de-toilette-100-ml-vapo","https://www.mazaya.eg/media/catalog/product/6/7/679602531108-1_1.jpg?store=en&image-type=small_image"
"Men Fragrance","POLICE","POLICE GENTLEMAN EAU DE TOILETTE 100 ml VAPO","679602241106","1320","https://mazaya.eg/en/gentleman-eau-de-toilette-100-ml","https://www.mazaya.eg/media/catalog/product/6/7/679602241106_xpgkaalutk9ha1p7.jpg?store=en&image-type=small_image"
"Men Fragrance","POLICE","POLICE DEEP BLUE EAU DE TOILETTE 100 ml VAPO","679602221108","1320","https://mazaya.eg/en/deep-blue-eau-de-toilette-100-ml","https://www.mazaya.eg/media/catalog/product/6/7/679602221108_0leqjy8u8rjc0wru.jpg?store=en&image-type=small_image"
"Men Fragrance","POLICE","Frozen Eau de Toilette Spray","Police Frozen EDT Spray","1320","https://mazaya.eg/en/police-frozen-edt-spray123455-html","https://www.mazaya.eg/media/catalog/product/s/-/s-l1600_24.jpg?store=en&image-type=small_image"
"Men Fragrance","POLICE","Original Eau de Toilette","POLICE Original EDT","1320","https://mazaya.eg/en/police-original-edt123455-html","https://www.mazaya.eg/media/catalog/product/7/8/78170529_max_1.jpg?store=en&image-type=small_image"
"Men Fragrance","POLICE","Cosmopolitan Eau de Toilette","Police cosmopolitan EDT perfume for men","1320","https://mazaya.eg/en/police-cosmopolitan-edt-perfume-for-men123455-html","https://www.mazaya.eg/media/catalog/product/6/6/66cc73cdd6422f1eac0b3a382d16c303_images_1.jpg?store=en&image-type=small_image"
"Men Fragrance","POLICE","Energy Eau De Toilette Spray","Police Energy for Men Eau De Toilette Spray","1320","https://mazaya.eg/en/police-energy-for-men-eau-de-toilette-spray123455-html","https://www.mazaya.eg/media/catalog/product/6/1/61weyo6u4rl._sl1500__2.jpg?store=en&image-type=small_image"
"Men Fragrance","POLICE","Contemporary Eau De Toilette","Police Contemporary for Men - Eau de Toilette","1320","https://mazaya.eg/en/police-contemporary-for-men-eau-de-toilette123455-html","https://www.mazaya.eg/media/catalog/product/9/e/9e5ee7a365e8bd52b73bfb3c8b801a9d_images_mini_2_1.jpg?store=en&image-type=small_image"
"Men Fragrance","Prada","Paradigme Eau de Parfum Refill 150ML","3614274182910","8500","https://mazaya.eg/en/paradigme-eau-de-parfum-refill-150ml","https://www.mazaya.eg/media/catalog/product/3/6/3614274182910_1.png?store=en&image-type=small_image"
"Men Fragrance","Prada","Paradigme Eau de Parfum","Paradigme Eau de Parfum","6500","https://mazaya.eg/en/paradigme-eau-de-parfum","https://www.mazaya.eg/media/catalog/product/3/6/3614274172997_1.png?store=en&image-type=small_image"
"Men Fragrance","Prada","LUNA ROSSA CARBON EAU DE TOILETTE-100ML","8435137759781","6700","https://mazaya.eg/en/luna-rossa-carbon-eau-de-toilette-100ml","https://www.mazaya.eg/media/catalog/product/l/u/luna_rossa_carbon_eau_de_toilette_.jpg?store=en&image-type=small_image"
"Men Fragrance","Prada","LUNA ROSSA BLACK EAU DE PARFUM-100 ML","8435137782949","8200","https://mazaya.eg/en/luna-rossa-black-eau-de-parfum","https://www.mazaya.eg/media/catalog/product/l/u/luna_rossa_black_eau_de_parfum.jpg?store=en&image-type=small_image"
"Men Fragrance","Prada","LUNA ROSSA OCEAN EAU DE PARFUM 100 ML","3614273768832","8200","https://mazaya.eg/en/luna-rossa-ocean-eau-de-parfum-100-ml","https://www.mazaya.eg/media/catalog/product/1/_/1_4_4.png?store=en&image-type=small_image"
"Men Fragrance","Prada","L'HOMME EAU DE PARFUM INTENSE 100ML","8435137764730","9200","https://mazaya.eg/en/l-homme-eau-de-parfum-intense","https://www.mazaya.eg/media/catalog/product/p/r/prada-fragrance-lhommeprada-intenseedp100ml-8435137764730-packshot-front.jpg?store=en&image-type=small_image"
"Men Fragrance","ARMAF","CLUB DE NUIT  BLUE ICONIC 105ML EDP","6294015164152","3630","https://mazaya.eg/en/club-de-nuit-blue-iconic-105ml-edp","https://www.mazaya.eg/media/catalog/product/6/2/6294015164152-1.png?store=en&image-type=small_image"
"Men Fragrance","ARMAF","CLUB DE NUIT RED UNTOLD 105ML EDP","6294015164176","3630","https://mazaya.eg/en/club-de-nuit-red-untold-105ml-edp","https://www.mazaya.eg/media/catalog/product/6/2/6294015164176.png?store=en&image-type=small_image"
"Men Fragrance","ARMAF","CLUB DE NUIT SILLAGE 105ML EDP","6294015136470","3575","https://mazaya.eg/en/club-de-nuit-sillage-105ml-edp","https://www.mazaya.eg/media/catalog/product/6/2/6294015136470.png?store=en&image-type=small_image"
"Men Fragrance","ARMAF","CLUB DE NUIT INTENSE MAN 105ML","6085010044712","2805","https://mazaya.eg/en/club-de-nuit-intense-man-105ml","https://www.mazaya.eg/media/catalog/product/i/n/intense_man_bottle-1_copy.jpg?store=en&image-type=small_image"
"Men Fragrance","ARMAF","CLUB DE NUIT URBAN MAN ELIXIR - 105ML","6294015163513","2475","https://mazaya.eg/en/club-de-nuit-urban-man-elixir-105ml","https://www.mazaya.eg/media/catalog/product/6/2/6294015163513.jpeg?store=en&image-type=small_image"
"Men Fragrance","ARMAF","ODYSSEY MANDARIN SKY  100ML","6294015149371","1815","https://mazaya.eg/en/odyssey-mandarin-sky-100ml","https://www.mazaya.eg/media/catalog/product/o/d/odyssey-mandarine-sky-100ml-box-1_1_.png?store=en&image-type=small_image"
"Men Fragrance","JEAN PAUL GAULTIER","Le Male Elixir Absolu INTENSE 125 ML","8435415102346","9900","https://mazaya.eg/en/le-male-elixir-absolu-intense-125-ml","https://www.mazaya.eg/media/catalog/product/8/4/8435415102346.png?store=en&image-type=small_image"
"Men Fragrance","JEAN PAUL GAULTIER","Scandal Intense MEN-100 ML","8435415102728","8000","https://mazaya.eg/en/scandal-intense-men-100-ml","https://www.mazaya.eg/media/catalog/product/8/4/8435415102728_5_.png?store=en&image-type=small_image"
"Men Fragrance","JEAN PAUL GAULTIER","SCANDAL RE24 HIM PARFUM","SCANDAL RE24 HIM PARFUM","6600","https://mazaya.eg/en/scandal-re24-him-parfum","https://www.mazaya.eg/media/catalog/product/8/4/8435415080378_1.jpg?store=en&image-type=small_image"
"Men Fragrance","JEAN PAUL GAULTIER","EDT125ML XMAS COLLECTOR HD23","8435415081177","4300","https://mazaya.eg/en/edt125ml-xmas-collector-hd23","https://www.mazaya.eg/media/catalog/product/8/4/8435415081177_fyjdmjn43iicr5hr.jpg?store=en&image-type=small_image"
"Men Fragrance","JEAN PAUL GAULTIER","Le Male Lover Eau De Parfum 125 ML","8435415091428","6200","https://mazaya.eg/en/le-male-lover-eau-de-parfum-125-ml","https://www.mazaya.eg/media/catalog/product/8/4/8435415091428.jpg?store=en&image-type=small_image"
"Men Fragrance","JEAN PAUL GAULTIER","Le Male Elixir 125 ML","8435415076944","9200","https://mazaya.eg/en/le-male-elixir-125-ml","https://www.mazaya.eg/media/catalog/product/8/4/8435415076944.jpg?store=en&image-type=small_image"
"Men Fragrance","JEAN PAUL GAULTIER","GAULTIER DIVINE RE24 EDP 100ML","8435415091169","10200","https://mazaya.eg/en/gaultier-divine-re24-edp-100ml","https://www.mazaya.eg/media/catalog/product/8/4/8435415091169.jpg?store=en&image-type=small_image"
"Men Fragrance","JEAN PAUL GAULTIER"," Le Male Le Parfum EDP  Intense 200ML","8435415032360","7700","https://mazaya.eg/en/le-male-le-parfum-edp-intense-200ml","https://www.mazaya.eg/media/catalog/product/8/4/8435415032360.jpg?store=en&image-type=small_image"
"Men Fragrance","JEAN PAUL GAULTIER","Jean Paul Gaultier Men's Scandal Le Parfum EDP 100ML","8435415065191","8400","https://mazaya.eg/en/jean-paul-gaultier-men-s-scandal-le-parfum-edp-100ml","https://www.mazaya.eg/media/catalog/product/8/4/8435415065191.jpg?store=en&image-type=small_image"
"Men Fragrance","PACO RABANNE","Million Gold Elixir Parfum Intense","Million Gold Elixir Parfum Intense","6200","https://mazaya.eg/en/million-gold-elixir-parfum-intense","https://www.mazaya.eg/media/catalog/product/3/3/3349668644933.png?store=en&image-type=small_image"
"Men Fragrance","PACO RABANNE","INVICTUS VICTORY EDP 100ML","3349668588732","7600","https://mazaya.eg/en/invictus-victory-edp-100ml","https://www.mazaya.eg/media/catalog/product/3/3/3349668588732.jpg?store=en&image-type=small_image"
"Men Fragrance","PACO RABANNE","Million Gold EDP INTENSE","Million Gold EDP INTENSE","5600","https://mazaya.eg/en/million-gold-edp-intense","https://www.mazaya.eg/media/catalog/product/3/3/3349668630349_1.jpg?store=en&image-type=small_image"
"Men Fragrance","PACO RABANNE","Paco Rabanne Men's 1 Million Golden Oud EDP 100ML","3349668622009","7800","https://mazaya.eg/en/paco-rabanne-men-s-1-million-golden-oud-edp-100ml","https://www.mazaya.eg/media/catalog/product/3/3/3349668622009.jpg?store=en&image-type=small_image"
"Men Fragrance","PACO RABANNE","INVICTUS VICTORY ABSOLU 100ML","3349668641833","7900","https://mazaya.eg/en/invictus-victory-absolu-100ml","https://www.mazaya.eg/media/catalog/product/3/3/3349668641833_2_.png?store=en&image-type=small_image"
"Men Fragrance","PACO RABANNE","1Million ELIXIR PARF INTENSE 200ML","3349668600298","8000","https://mazaya.eg/en/1million-elixir-parf-intense-200ml","https://www.mazaya.eg/media/catalog/product/3/3/3349668600298.jpg?store=en&image-type=small_image"
"Men Fragrance","PACO RABANNE","INVICTUS RE 2024 PARFUM","INVICTUS RE 2024 PARFUM","5700","https://mazaya.eg/en/invictus-re-2024-parfum","https://www.mazaya.eg/media/catalog/product/3/3/3349668627523_1.jpg?store=en&image-type=small_image"
"Men Fragrance","PACO RABANNE","1 MILLION Parfum 200 ML","3349668581948","7300","https://mazaya.eg/en/paco-rabanne-1m","https://www.mazaya.eg/media/catalog/product/3/3/3349668581948.jpeg?store=en&image-type=small_image"
"Men Fragrance","PACO RABANNE","INVICTUS EDT 200ML","3349668589678","7200","https://mazaya.eg/en/pr-invictus-edt","https://www.mazaya.eg/media/catalog/product/3/3/3349668589678.jpg?store=en&image-type=small_image"
"Men Fragrance","PACO RABANNE","INVICTUS VICTORY","3349668592388","7500","https://mazaya.eg/en/invictus-victory","https://www.mazaya.eg/media/catalog/product/3/3/3349668592388---.jpg?store=en&image-type=small_image"
"Men Fragrance","PACO RABANNE","1 Million Elixir Parfum Intense For Men 100ml","3349668600304","6400","https://mazaya.eg/en/1-million-elixir-parfum-intense-for-men-100ml","https://www.mazaya.eg/media/catalog/product/3/3/3349668600304.jpg?store=en&image-type=small_image"
"Men Fragrance","PACO RABANNE","INVICTUS VICTORY ELIXIR","INVICTUS VICTORY ELIXIR","8600","https://mazaya.eg/en/invictus-victory-elixir","https://www.mazaya.eg/media/catalog/product/s/d/sda_1.jpg?store=en&image-type=small_image"
"Men Fragrance","MONTALE","BLACK AOUD 100 ML","3760260450034","10120","https://mazaya.eg/en/black-aoud-100-ml","https://www.mazaya.eg/media/catalog/product/3/7/3760260450034_2_.jpg?store=en&image-type=small_image"
"Men Fragrance","MONTALE","WHITE MUSK 100 ML","3760260453707","8415","https://mazaya.eg/en/white-musk-100-ml","https://www.mazaya.eg/media/catalog/product/3/7/3760260453707.jpg?store=en&image-type=small_image"
"Men Fragrance","MONTALE","Montale Wild Aoud 100 ML","3760260452106","6930","https://mazaya.eg/en/montale-wild-aoud-100-ml","https://www.mazaya.eg/media/catalog/product/3/7/3760260452106.jpg?store=en&image-type=small_image"
"Men Fragrance","MONTALE","Black Aoud By For Men Eau de Parfum","MONTALE Black Aoud by Montale for Men - Eau de Parfum","9200","https://mazaya.eg/en/montale-black-aoud-by-montale-for-men-eau-de-parfum123455-html","https://www.mazaya.eg/media/catalog/product/3/e/3ef2d3e5bdb5ab8f165ea80b85c8540e_1.jpg?store=en&image-type=small_image"
"Men Fragrance","ELIE SAAB","L HOMME EDP 100ML","7640233342565","6435","https://mazaya.eg/en/l-homme-edp-100ml","https://www.mazaya.eg/media/catalog/product/7/6/7640233342565_1_.jpg?store=en&image-type=small_image"
"Men Fragrance","AJMAL","NOMAD NOIR EDP","6293708019946","1350","https://mazaya.eg/en/nomad-noir-edp","https://www.mazaya.eg/media/catalog/product/6/2/6293708019946_1_.jpg?store=en&image-type=small_image"
"Men Fragrance","AJMAL","EVOKE MIDNIGHT HIM EDP","6293708017485","2180","https://mazaya.eg/en/evoke-midnight-him-edp","https://www.mazaya.eg/media/catalog/product/e/v/evoke_midnight_edition_1.jpg?store=en&image-type=small_image"
"Men Fragrance","AJMAL","GRAY EAU DE PARFUM 100 ML","6293708015344","1485","https://mazaya.eg/en/gray-eau-de-parfum-100-ml","https://www.mazaya.eg/media/catalog/product/g/r/gray-510-x-465_1.jpg?store=en&image-type=small_image"
"Men Fragrance","AJMAL","AMAZE HIM  EAU DE PARFUM 100 ML","6293708015627","2180","https://mazaya.eg/en/amaze-him-eau-de-parfum-100-ml","https://www.mazaya.eg/media/catalog/product/a/m/amaze_edp_100ml-_7.jpg?store=en&image-type=small_image"
"Men Fragrance","AJMAL","WISAL LAYL EAU DE PARFUM 50 ML","6293708018758","4620","https://mazaya.eg/en/wisal-layl-eau-de-parfum-50-ml","https://www.mazaya.eg/media/catalog/product/w/i/wisal_layl.jpg?store=en&image-type=small_image"
"Men Fragrance","AJMAL","SHADOW ICE EAU DE PARFUM 75 ML","6293708018765","2260","https://mazaya.eg/en/shadow-ice-eau-de-parfum-75-ml","https://www.mazaya.eg/media/catalog/product/s/h/shadow_ice.jpg?store=en&image-type=small_image"
"Men Fragrance","AJMAL","Evoke Silver Edition Eau De Parfum","AJMAL Evoke Silver Edition Eau De Parfum","2180","https://mazaya.eg/en/evoke-silver-edition-eau-de-parfum123455-html12","https://www.mazaya.eg/media/catalog/product/6/2/6293708008926_1.jpg?store=en&image-type=small_image"
"Men Fragrance","AJMAL","Patchouli Wood Eau De Parfum","PATCHOULI WOOD EAU DE PARFUM","8485","https://mazaya.eg/en/patchouli-wood-eau-de-parfum12","https://www.mazaya.eg/media/catalog/product/6/2/6293708008612_1.jpg?store=en&image-type=small_image"
"Men Fragrance","AJMAL","Kuro Eau De Parfum","KURO EAU DE PARFUM","1705","https://mazaya.eg/en/kuro-eau-de-parfum123455-html12","https://www.mazaya.eg/media/catalog/product/6/2/6293708008049_2_1.jpg?store=en&image-type=small_image"
"Men Fragrance","AJMAL","KURO EAU DE PARFUM-90 ML","6293708008049","1705","https://mazaya.eg/en/kuro-eau-de-parfum-90-ml","https://www.mazaya.eg/media/catalog/product/k/u/kuro_edp_90ml_1.jpg?store=en&image-type=small_image"
"Men Fragrance","AJMAL","Rose Wood Eau de Parfum","AJMAL ROSE WOOD EDP","8760","https://mazaya.eg/en/ajmal-rose-wood-edp12","https://www.mazaya.eg/media/catalog/product/6/2/6293708007776_1.jpg?store=en&image-type=small_image"
"Men Fragrance","AJMAL","Amber Musc Eau de Parfum","AJMAL AMBER MUSC EDP","6160","https://mazaya.eg/en/ajmal-amber-musc-edp12","https://www.mazaya.eg/media/catalog/product/6/2/6293708007486_1.jpg?store=en&image-type=small_image"
"Men Fragrance","AJMAL","Violet Musc Eau de Parfum","AJMAL VIOLET MUSC EDP","6160","https://mazaya.eg/en/ajmal-violet-musc-edp12","https://www.mazaya.eg/media/catalog/product/6/2/6293708007462_1.jpg?store=en&image-type=small_image"
"Men Fragrance","AJMAL","Wisal Gold Eau de Parfum","AJMAL WISAL GOLD","2805","https://mazaya.eg/en/ajmal-wisal-gold12","https://www.mazaya.eg/media/catalog/product/6/2/6293708007295_1.jpg?store=en&image-type=small_image"
"Men Fragrance","AJMAL","Sandal Wood Eau de Parfum","AJMAL SANDAL WOOD","8760","https://mazaya.eg/en/ajmal-sandal-wood12","https://www.mazaya.eg/media/catalog/product/6/2/6293708006755_1.jpg?store=en&image-type=small_image"
"Men Fragrance","AJMAL","Hatkora Wood Eau de Parfum","AJMAL HATKORA WOOD EDP","8760","https://mazaya.eg/en/ajmal-hatkora-wood-edp12","https://www.mazaya.eg/media/catalog/product/6/2/6293708006748.jpg?store=en&image-type=small_image"
"Men Fragrance","AJMAL","Blu For Men Eau de Parfum","Ajmal Blu For Men","1705","https://mazaya.eg/en/ajmal-blu-for-men123455-html12","https://www.mazaya.eg/media/catalog/product/6/6/663192467blu-bolt_1.jpg?store=en&image-type=small_image"
"Men Fragrance","AJMAL","Blu For Men-90 ML","6293708006106","1705","https://mazaya.eg/en/ajmal-blu-for-men-90-ml","https://www.mazaya.eg/media/catalog/product/b/l/blu_homme_1_1.jpg?store=en&image-type=small_image"
"Men Fragrance","AJMAL","Silver Shade Eau De Parfum","Ajmal Silver Shade","1485","https://mazaya.eg/en/ajmal-silver-shade123455-html12","https://www.mazaya.eg/media/catalog/product/2/7/2747967538728960257-56839__01495.1536796835_1.jpg?store=en&image-type=small_image"
"Men Fragrance","AJMAL","Ajmal Silver Shade-100 ML","6293708005352","1485","https://mazaya.eg/en/ajmal-silver-shade-100-ml","https://www.mazaya.eg/media/catalog/product/s/i/silvershade_edp_100ml_1.jpg?store=en&image-type=small_image"
"Men Fragrance","AJMAL","Shadow","Ajmal Shadow For Him","1720","https://mazaya.eg/en/ajmal-shadow123455-html12","https://www.mazaya.eg/media/catalog/product/p/o/pol_pl_ajmal-shadow-for-him-ii-edp-spray-75ml-425_1_1_1.jpg?store=en&image-type=small_image"
"Men Fragrance","AJMAL","Wisal Eau de Parfum","6293708002092","1960","https://mazaya.eg/en/ajmal-wisal123455-html12","https://www.mazaya.eg/media/catalog/product/a/j/ajmal-wisal-1.jpg?store=en&image-type=small_image"
"Men Fragrance","AJMAL","NETRON MAN 100 ML","6293708001484","935","https://mazaya.eg/en/ajmal-neutron","https://www.mazaya.eg/media/catalog/product/n/e/neutron_edp_100ml_1.jpg?store=en&image-type=small_image"
"Men Fragrance","AJMAL","Carbon Eau de Parfum","Ajmal Carbon EDP","1320","https://mazaya.eg/en/ajmal-carbon-edp12","https://www.mazaya.eg/media/catalog/product/7/1/71xq4s9ws1l._sl1500__1.jpg?store=en&image-type=small_image"
"Men Fragrance","AJMAL","Ajmal Carbon EDP-100 ML","6293708000425","1320","https://mazaya.eg/en/ajmal-carbon-edp-100-ml","https://www.mazaya.eg/media/catalog/product/7/1/71xq4s9ws1l._sl1500__2.jpg?store=en&image-type=small_image"
"Men Fragrance","AJMAL","ELECTRON EAU DE PARFUM","6293708019779","1485","https://mazaya.eg/en/electron-eau-de-parfum","https://www.mazaya.eg/media/catalog/product/e/l/electron_1_.jpg?store=en&image-type=small_image"
"Men Fragrance","AJMAL","ALCHEME EAU DE PARFUM","6293708020263","1760","https://mazaya.eg/en/alcheme-eau-de-parfum","https://www.mazaya.eg/media/catalog/product/a/l/alcheme.jpg?store=en&image-type=small_image"
"Men Fragrance","AJMAL","AURUM WINTER EAU DE PARFUM 75 ML","6293708013036","2545","https://mazaya.eg/en/aurum-winter-eau-de-parfum-75-ml","https://www.mazaya.eg/media/catalog/product/6/2/6293708013036.jpg?store=en&image-type=small_image"
"Men Fragrance","AJMAL","AVID BODY SPRAY 200 ML","6293708010394","210","https://mazaya.eg/en/avid-body-spray-200-ml","https://www.mazaya.eg/media/catalog/product/6/2/6293708010394.jpg?store=en&image-type=small_image"
"Men Fragrance","AJMAL","EVOKE SILVER HIM BODY SPRAY 200 ML","6293708010370","210","https://mazaya.eg/en/evoke-silver-him-body-spray-200-ml","https://www.mazaya.eg/media/catalog/product/6/2/6293708010370.jpg?store=en&image-type=small_image"
"Men Fragrance","AJMAL","MIZYAAN BODY SPRAY 200 ML","6293708010349","250","https://mazaya.eg/en/mizyaan-body-spray-200-ml","https://www.mazaya.eg/media/catalog/product/m/i/mizyaan-1.jpg?store=en&image-type=small_image"
"Men Fragrance","AJMAL","WISAL Dahab DEO 200 ML","6293708007929","250","https://mazaya.eg/en/wisal-dahab-deo-200-ml","https://www.mazaya.eg/media/catalog/product/6/2/6293708007929.jpg?store=en&image-type=small_image"
"Men Fragrance","AJMAL","BLUE DEO 200 ML","6293708007684","210","https://mazaya.eg/en/blue-deo-200-ml","https://www.mazaya.eg/media/catalog/product/6/2/6293708007684.jpg?store=en&image-type=small_image"
"Men Fragrance","AJMAL","SILVER SHADE DEO 200 ML","6293708006892","210","https://mazaya.eg/en/silver-shade-deo-200-ml","https://www.mazaya.eg/media/catalog/product/s/i/silver_shade.jpg?store=en&image-type=small_image"
"Men Fragrance","AJMAL","SHADOW HIM DEO 200 ML","6293708006878","210","https://mazaya.eg/en/shadow-him-deo-200-ml","https://www.mazaya.eg/media/catalog/product/a/j/ajmal_shadow_him_deo_200_ml.jpg?store=en&image-type=small_image"
"Men Fragrance","AJMAL","Cuir Musc Eau de Parfum","AJMAL CUIR MUSC EDP","5900","https://mazaya.eg/en/ajmal-cuir-musc-edp12","https://www.mazaya.eg/media/catalog/product/6/2/6293708007479_1_1.jpg?store=en&image-type=small_image"
"Men Fragrance","AJMAL","Utopia II Eau de Parfum","Ajmal Utopia II","1280","https://mazaya.eg/en/ajmal-utopia-ii123455-html12","https://www.mazaya.eg/media/catalog/product/3/7/375x500.26793_1.jpg?store=en&image-type=small_image"
"Men Fragrance","Amouage","Reasons Essence De Parfum  100ML","701666411048","26150","https://mazaya.eg/en/reasons-essence-de-parfum-100ml","https://www.mazaya.eg/media/catalog/product/7/0/701666411048-2.png?store=en&image-type=small_image"
"Men Fragrance","Amouage","Outlands Essence De Parfum 100 ML","701666411284","26150","https://mazaya.eg/en/outlands-essence-de-parfum-100-ml","https://www.mazaya.eg/media/catalog/product/7/0/701666411055-4.png?store=en&image-type=small_image"
"Men Fragrance","Amouage","Opus XIV Royal Tobacco EDP 100 ML","701666410591","21750","https://mazaya.eg/en/opus-xiv-royal-tobacco-edp-100-ml","https://www.mazaya.eg/media/catalog/product/7/0/701666410591-2.png?store=en&image-type=small_image"
"Men Fragrance","Amouage","Interlude Man 53 Extrait 100 ML","701666410737","30250","https://mazaya.eg/en/interlude-man-53-extrait-100-ml","https://www.mazaya.eg/media/catalog/product/7/0/701666410737.jpg?store=en&image-type=small_image"
"Men Fragrance","Amouage","Purpose 100ml EDP","701666410430","21750","https://mazaya.eg/en/purpose-100ml-edp-1","https://www.mazaya.eg/media/catalog/product/7/0/70166410430_1_1.jpg?store=en&image-type=small_image"
"Men Fragrance","Amouage","Interlude Man EDP 100Ml","701666410195","21750","https://mazaya.eg/en/interlude-man-edp-100ml","https://www.mazaya.eg/media/catalog/product/7/0/701666410195.png?store=en&image-type=small_image"
"Men Fragrance","Amouage","Reflection Man 100ml EDP","701666410058","21750","https://mazaya.eg/en/reflection-man-100ml-edp","https://www.mazaya.eg/media/catalog/product/7/0/701666410058_1_1.jpg?store=en&image-type=small_image"
"Men Fragrance","Amouage","Reflection Man 45 Extrait 100 ML","701666410706","30250","https://mazaya.eg/en/reflection-man-45-extrait-100-ml","https://www.mazaya.eg/media/catalog/product/7/0/701666410706-1.png?store=en&image-type=small_image"
"Men Fragrance","Amouage","Lustre Essence De Parfum 100 ML","701666411031","26150","https://mazaya.eg/en/lustre-essence-de-parfum-100-ml","https://www.mazaya.eg/media/catalog/product/7/0/701666411031-5.png?store=en&image-type=small_image"
"Men Fragrance","Amouage","Existence EDP 100 ML","701666411178","21750","https://mazaya.eg/en/existence-edp-i00-ml","https://www.mazaya.eg/media/catalog/product/7/0/701666411178-5.png?store=en&image-type=small_image"
"Men Fragrance","Amouage","Decision EDP 100 ML","701666411185","21750","https://mazaya.eg/en/decision-edp-100-ml","https://www.mazaya.eg/media/catalog/product/7/0/701666411185-7.png?store=en&image-type=small_image"
"Men Fragrance","Amouage","Jubilation Man 40","701666410966","30250","https://mazaya.eg/en/jubilation-man-40","https://www.mazaya.eg/media/catalog/product/7/0/701666410966_1__1.jpg?store=en&image-type=small_image"
"Men Fragrance","Amouage","Interlude Black Iris Man 100ml","701666410218","21750","https://mazaya.eg/en/interlude-black-iris-man-100ml","https://www.mazaya.eg/media/catalog/product/7/0/701666410218_1.png?store=en&image-type=small_image"
"Men Fragrance","Amouage","Beachhut Man 100ml EDP","701666410348","21750","https://mazaya.eg/en/beachhut-man-100ml-edp","https://www.mazaya.eg/media/catalog/product/7/0/701666410348_1_1.png?store=en&image-type=small_image"
"Men Fragrance","Dolce&Gabbana ","K EDP","K EDP","5500","https://mazaya.eg/en/k-edp","https://www.mazaya.eg/media/catalog/product/8/0/8054754403282_1_.png?store=en&image-type=small_image"
"Men Fragrance","Dolce&Gabbana ","K by Dolce and Gabbana Intense","K by Dolce and Gabbana Intense","5700","https://mazaya.eg/en/k-by-dolce-and-gabbana-intense","https://www.mazaya.eg/media/catalog/product/k/_/k_by_dolce_and_gabbana_intense.png?store=en&image-type=small_image"
"Men Fragrance","Dolce&Gabbana ","DEVOTION EDP Men 100ML","8054754401059","8200","https://mazaya.eg/en/devotion-edp-men-100ml","https://www.mazaya.eg/media/catalog/product/8/0/8054754401059_2_.jpg?store=en&image-type=small_image"
"Men Fragrance","BOSS","The Scent Perfume-100 ML","3616305040572","7600","https://mazaya.eg/en/the-scent-perfume-100-ml","https://www.mazaya.eg/media/catalog/product/3/6/3616305040572_1_.png?store=en&image-type=small_image"
"Men Fragrance","BOSS","Men's Bottled Absolu Parfum Intense-100 ML","3616305480620","7700","https://mazaya.eg/en/men-s-bottled-absolu-parfum-intense-100-ml","https://www.mazaya.eg/media/catalog/product/3/6/3616305480620_2__1.png?store=en&image-type=small_image"
"Men Fragrance","BOSS","HUGO INTENSE EAU DE PARFUM FOR MEN 75 ML","3616304697371","4600","https://mazaya.eg/en/hugo-intense-eau-de-parfum-for-men-75-ml","https://www.mazaya.eg/media/catalog/product/3/6/3616304697371_6jv6wqg5vws1ovw0.jpg?store=en&image-type=small_image"
"Men Fragrance","BOSS","HMAN RG EDT SPRY REVAMP 125ml 21 IV","3614229823806","5900","https://mazaya.eg/en/hman-rg-edt-spry-revamp-125ml-21-iv","https://www.mazaya.eg/media/catalog/product/3/6/3614229823806.jpg?store=en&image-type=small_image"
"Men Fragrance","BOSS","HUGO INTENSE EAU DE PARFUM FOR MEN","HUGO INTENSE EAU DE PARFUM FOR MEN","6300","https://mazaya.eg/en/hugo-intense-eau-de-parfum-for-men","https://www.mazaya.eg/media/catalog/product/h/u/hugo_intense_eau_de_parfum_for_men_75_ml_1.jpg?store=en&image-type=small_image"
"Men Fragrance","BOSS","BOSS NIGHT","737052352060","5000","https://mazaya.eg/en/boss-night","https://www.mazaya.eg/media/catalog/product/7/3/737052352060.jpg?store=en&image-type=small_image"
"Men Fragrance","BOSS","Hugo Boss Men's Perfume Bottled Elixir","Hugo Boss Mens Perfume Bottled Elixir","7800","https://mazaya.eg/en/hugo-boss-men-s-perfume-bottled-elixir","https://www.mazaya.eg/media/catalog/product/3/6/3616304691652_1_1.jpg?store=en&image-type=small_image"
"Men Fragrance","BOSS","NO. 6  Boss Bottle Eau de Toilette","BOSS NO 6 BOSS BOTTLE EDT","4300","https://mazaya.eg/en/boss-no-6-boss-bottle-edt","https://www.mazaya.eg/media/catalog/product/b/o/boss_no_6_boss_bottle_100_ml_edt_2.jpg?store=en&image-type=small_image"
"Men Fragrance","BOSS","Hugo man EDT 75ML","3614229823790","4000","https://mazaya.eg/en/hugo-man-edt-75ml","https://www.mazaya.eg/media/catalog/product/3/6/3614229823790_.png?store=en&image-type=small_image"
"Men Fragrance","BOSS","The Scent Elixir parfum intense -100ml","3616305040633","8500","https://mazaya.eg/en/the-scent-elixir-parfum-intense-100ml","https://www.mazaya.eg/media/catalog/product/t/h/the_scent_elixir_parfum_intense_-100-removebg-preview.png?store=en&image-type=small_image"
"Men Fragrance","BOSS","Bottled Triumph Elixir Intense Parfum100 ml","3616305160584","6700","https://mazaya.eg/en/bottled-triumph-elixir-intense-parfum100-ml","https://www.mazaya.eg/media/catalog/product/3/6/3616305160584.jpg?store=en&image-type=small_image"
"Men Fragrance","BOSS","BOSS THE SCENT ELIXIR PARFUM INTENSE","BOSS THE SCENT ELIXIR PARFUM INTENSE","7400","https://mazaya.eg/en/boss-the-scent-elixir-parfum-intense","https://www.mazaya.eg/media/catalog/product/3/6/3616305169198-.jpg?store=en&image-type=small_image"
"Men Fragrance","BOSS","Hugo Boss Men's Bottled Parfum 100ML","3616303173098","6700","https://mazaya.eg/en/hugo-boss-men-s-bottled-parfum-100ml","https://www.mazaya.eg/media/catalog/product/3/6/3616303173098_2_.jpg?store=en&image-type=small_image"
"Men Fragrance","BOSS","Hugo Just Different EDT 125ml ","3614229823875","4800","https://mazaya.eg/en/hugo-just-different-edt-125ml","https://www.mazaya.eg/media/catalog/product/3/6/3614229823875.jpg?store=en&image-type=small_image"
"Men Fragrance","BOSS","The Scent for Him Eau de Toilette","HUGO BOSS SCENT MAN EDT","6100","https://mazaya.eg/en/hugo-boss-scent-man-edt","https://www.mazaya.eg/media/catalog/product/h/u/hugo_boss_scent_man_100ml_edt.jpg?store=en&image-type=small_image"
"Men Fragrance","BOSS","HUGO BOSS UNLIMITED MAN EDT","BOSS UN LIMITED MAN EDT","5000","https://mazaya.eg/en/boss-un-limited-man-edt","https://www.mazaya.eg/media/catalog/product/b/o/boss_un_limited_man_100_ml_edt_2_3.jpg?store=en&image-type=small_image"
"Men Fragrance","GUCCI","Gucci Guilty Essence","3616305820846","6900","https://mazaya.eg/en/gucci-guilty-essence","https://www.mazaya.eg/media/catalog/product/3/6/3616305820846.jpg?store=en&image-type=small_image"
"Men Fragrance","GUCCI","PARFUM PH IV  EDP 150 ML","3616301794592","10400","https://mazaya.eg/en/parfum-ph-iv-edp-150-ml","https://www.mazaya.eg/media/catalog/product/3/6/3616301794592.jpg?store=en&image-type=small_image"
"Men Fragrance","GUCCI","POUR HOMME EDP 50ML LE PARFUM","3616301794615","6300","https://mazaya.eg/en/pour-homme-edp-50ml-le-parfum","https://www.mazaya.eg/media/catalog/product/3/6/3616301794615_2_.jpg?store=en&image-type=small_image"
"Men Fragrance","GUCCI","Gucci Guilty Eau de Toilette for Men 150ML","737052924922","7500","https://mazaya.eg/en/gucci-guilty-eau-de-toilette-for-men-150ml","https://www.mazaya.eg/media/catalog/product/7/3/737052924922.jpg?store=en&image-type=small_image"
"Men Fragrance","GUCCI","GUCCI GUILTY ELIXIR 60ML","3616304175893","7800","https://mazaya.eg/en/gucci-guilty-elixir-60ml","https://www.mazaya.eg/media/catalog/product/3/6/3616304175893.jpg?store=en&image-type=small_image"
"Men Fragrance","GIVENCHY","Men's Gentleman Society Ambree","Men's Gentleman Society Ambree","6615","https://mazaya.eg/en/men-s-gentleman-society-ambree","https://www.mazaya.eg/media/catalog/product/3/2/3274872480810_4_.jpg?store=en&image-type=small_image"
"Men Fragrance","GIVENCHY","L' interdit Absolu EDP","L interdit Absolu EDP","8105","https://mazaya.eg/en/l-interdit-absolu-edp","https://www.mazaya.eg/media/catalog/product/3/2/3274872473683-removebg-preview.png?store=en&image-type=small_image"
"Men Fragrance","GIVENCHY","GENTLEMAN EDP 200ML","3274872461642","12070","https://mazaya.eg/en/gentleman-edp-200ml","https://www.mazaya.eg/media/catalog/product/3/2/3274872461642.jpg?store=en&image-type=small_image"
"Men Fragrance","GIVENCHY","GENTLEMAN SOSIETY EXTREME","GENTLEMAN SOSIETY EXTREME","6285","https://mazaya.eg/en/gentleman-sosiety-extreme","https://www.mazaya.eg/media/catalog/product/3/2/3274872467965-.jpg?store=en&image-type=small_image"
"Men Fragrance","GIVENCHY","GENTLEMAN RELIFT","3274872441033","7940","https://mazaya.eg/en/gentleman-relift","https://www.mazaya.eg/media/catalog/product/3/2/3274872441033-.jpg?store=en&image-type=small_image"
"Men Fragrance","GIVENCHY"," GENTLEMAN EDP BOISE 100 ML","3274872441057","7940","https://mazaya.eg/en/gentleman-edp-boise-100-ml","https://www.mazaya.eg/media/catalog/product/g/i/givenchy_gentleman_boisee_eau_de_parfum_spray_200_ml_3274872451698_236304_20230403010057_1.jpg?store=en&image-type=small_image"
"Men Fragrance","GIVENCHY","Gentleman society EDP 100ML","3274872448780","8535","https://mazaya.eg/en/gentleman-society-edp-100ml","https://www.mazaya.eg/media/catalog/product/e/z/ezgif.com-webp-to-jpg_1.jpg?store=en&image-type=small_image"
"Men Fragrance","GIVENCHY","Gentleman Reserve Privee EDP 100ML","3274872439078","7940","https://mazaya.eg/en/gentleman-reserve-privee-edp-100ml","https://www.mazaya.eg/media/catalog/product/0/0/00217602-3-1000x1000.jpg?store=en&image-type=small_image"
"Men Fragrance","GIVENCHY","Pi EDT","3274872395503","6615","https://mazaya.eg/en/pi-edt","https://www.mazaya.eg/media/catalog/product/3/2/3274872395503_1_.jpg?store=en&image-type=small_image"
"Men Fragrance","GIVENCHY","AOD EDP VAPO 100ML R1","3274872396197","9700","https://mazaya.eg/en/aod-edp-vapo-100ml-r1","https://www.mazaya.eg/media/catalog/product/3/2/3274872396197_osc2etmlasyg3kru.jpg?store=en&image-type=small_image"
"Men Fragrance","GIVENCHY","Gentleman Society EDP 200 ML","3274872462687","12675","https://mazaya.eg/en/gentleman-society-edp-200-ml","https://www.mazaya.eg/media/catalog/product/3/2/3274872462687.jpg?store=en&image-type=small_image"
"Men Fragrance","GIVENCHY","GENTLEMAN BLACK","3274872424982","5595","https://mazaya.eg/en/gentleman-black","https://www.mazaya.eg/media/catalog/product/3/2/3274872424982.jpg?store=en&image-type=small_image"
"Men Fragrance","GIVENCHY","GENTLEMAN","3274872424999","4850","https://mazaya.eg/en/gentleman","https://backend.mazaya.eg/static/version1776156351/frontend/Magento/luma/en_US/Magento_Catalog/images/product/placeholder/small_image.jpg"
"Men Fragrance","GIVENCHY","GENTLEMAN BOISEE - 60 ML","3274872425002","5955","https://mazaya.eg/en/gentleman-boisee-60-ml","https://www.mazaya.eg/media/catalog/product/3/2/3274872425002-_1.jpg?store=en&image-type=small_image"
"Men Fragrance","GIVENCHY","XERYUS ROUGE NEW MYTHICAL","3274872428829","6615","https://mazaya.eg/en/xeryus-rouge-new-mythical","https://www.mazaya.eg/media/catalog/product/3/2/3274872428829-.jpg?store=en&image-type=small_image"
"Men Fragrance","GIVENCHY","GENTLEMAN SOCIETY","3274872448773","6285","https://mazaya.eg/en/gs-23","https://www.mazaya.eg/media/catalog/product/3/2/3274872448773_5_.jpg?store=en&image-type=small_image"
"Men Fragrance","GIVENCHY","Gentleman Réserve Privée Eau de Parfum 60 ml","3274872439061","5955","https://mazaya.eg/en/gentleman-reserve-privee-eau-de-parfum-60-ml","https://www.mazaya.eg/media/catalog/product/g/i/givenchy-gentleman-givenchy-gentleman-reserve-privee-eau-de-parfum-60-ml-3274872439061.png?store=en&image-type=small_image"
"Men Fragrance","GIVENCHY","Givenchy Men's Gentleman Intense EDT","Givenchy Men's Gentleman Intense EDT","6945","https://mazaya.eg/en/givenchy-men-s-gentleman-intense-edt","https://www.mazaya.eg/media/catalog/product/3/1/31sooq3gopl._ac_sy450__2.jpg?store=en&image-type=small_image"
"Men Fragrance","CAROLINA HERRERA","Bad Boy Elixir 50 ML","8411061106303","6200","https://mazaya.eg/en/bad-boy-elixir-50-ml","https://www.mazaya.eg/media/catalog/product/8/4/8411061106303_2_.jpg?store=en&image-type=small_image"
"Men Fragrance","CAROLINA HERRERA","AMBER SKY 100ML","8411061093849","6300","https://mazaya.eg/en/212amber-sky-100ml","https://www.mazaya.eg/media/catalog/product/8/4/8411061093849.jpg?store=en&image-type=small_image"
"Men Fragrance","CAROLINA HERRERA","Bad Boy Elixir For Him 100ML","8411061106297","8700","https://mazaya.eg/en/bad-boy-elixir-for-him-100ml","https://www.mazaya.eg/media/catalog/product/8/4/8411061106297_11_.png?store=en&image-type=small_image"
"Men Fragrance","CAROLINA HERRERA","212 VIP MEN BLACK EDP","212 VIP MEN BLACK EDP","5900","https://mazaya.eg/en/212-vip-men-black-edp","https://www.mazaya.eg/media/catalog/product/8/4/8411061105009_2_.jpg?store=en&image-type=small_image"
"Men Fragrance","CAROLINA HERRERA","Birds of Paradise 100 Ml Eau De Parfum","8411061085523","5900","https://mazaya.eg/en/birds-of-paradise-100-ml-eau-de-parfum","https://www.mazaya.eg/media/catalog/product/8/4/8411061085523.jpg?store=en&image-type=small_image"
"Men Fragrance","CAROLINA HERRERA","212 VIP MEN EDT 100ML REPACK","8411061723760","5300","https://mazaya.eg/en/212-vip-men-edt-100ml-repack","https://www.mazaya.eg/media/catalog/product/8/4/8411061723760.jpeg?store=en&image-type=small_image"
"Men Fragrance","CAROLINA HERRERA","212 VIP MAN 200ML EDT","8411061782347","6000","https://mazaya.eg/en/212-vip-man-200ml-edt","https://www.mazaya.eg/media/catalog/product/8/4/8411061782347-.jpg?store=en&image-type=small_image"
"Men Fragrance","CAROLINA HERRERA","212 VIP BLACK EDP LE 24 100ML","8411061093818","6900","https://mazaya.eg/en/212-vip-black-edp-le-24-100ml","https://www.mazaya.eg/media/catalog/product/8/4/8411061093818-.jpg?store=en&image-type=small_image"
"Men Fragrance","CAROLINA HERRERA","BAD BOY COBALT ELIXIR 100ML","8411061083772","9300","https://mazaya.eg/en/bad-boy-cobalt-elixir-100ml","https://www.mazaya.eg/media/catalog/product/8/4/8411061083772_2_.jpg?store=en&image-type=small_image"
"Men Fragrance","CAROLINA HERRERA","BAD BOY LE PARFUM EDP 100ML","8411061991886","6600","https://mazaya.eg/en/bad-boy-le-parfum-edp-100ml","https://www.mazaya.eg/media/catalog/product/8/4/8411061991886_2_.jpg?store=en&image-type=small_image"
"Men Fragrance","CAROLINA HERRERA","BAD BOY COBALT EDP 100ML","8411061027837","7600","https://mazaya.eg/en/bad-boy-cobalt-edp-100ml","https://www.mazaya.eg/media/catalog/product/8/4/8411061027837_.jpg?store=en&image-type=small_image"
"Men Fragrance","CAROLINA HERRERA","Man Eau de Toilette","CH MAN EDT","6800","https://mazaya.eg/en/ch-man-edt","https://www.mazaya.eg/media/catalog/product/c/h/ch_man_200_ml_edt.jpg?store=en&image-type=small_image"
"Men Fragrance","MARLY","PERSEUS EDP 125ml","3700578502919","20200","https://mazaya.eg/en/perseus-edp-125ml","https://www.mazaya.eg/media/catalog/product/3/7/3700578502919_4_.png?store=en&image-type=small_image"
"Men Fragrance","MARLY","PEGASUS EDP 125mI","3700578502360","20350","https://mazaya.eg/en/pegasus-edp-125mi","https://www.mazaya.eg/media/catalog/product/3/7/3700578502360.jpg?store=en&image-type=small_image"
"Men Fragrance","MARLY","Haltane EDP-125","3700578503305","23850","https://mazaya.eg/en/haltane-125ml-edp-spray","https://www.mazaya.eg/media/catalog/product/3/7/3700578503305_1_4_.png?store=en&image-type=small_image"
"Men Fragrance","MARLY","LAYTON EDP 125ml","3700578502322","20200","https://mazaya.eg/en/layton-edp-125ml","https://www.mazaya.eg/media/catalog/product/3/7/3700578502322.jpg?store=en&image-type=small_image"
"Men Fragrance","MARLY","HEROD EDP 125mI","3700578502353","20350","https://mazaya.eg/en/herod-edp-125mi","https://www.mazaya.eg/media/catalog/product/3/7/3700578502353.jpg?store=en&image-type=small_image"
"Men Fragrance","MARLY","PERCIVAL EDP 125ml","3700578502315","20350","https://mazaya.eg/en/percival-edp-125ml","https://www.mazaya.eg/media/catalog/product/2/0/20_250.00.png?store=en&image-type=small_image"
"Men Fragrance","MARLY","MARLY ALTHAIR EDP 125ml","3700578504364","20350","https://mazaya.eg/en/marly-althair-edp-125ml","https://www.mazaya.eg/media/catalog/product/p/d/pdm_althair-2.jpg?store=en&image-type=small_image"
"Men Fragrance","MARLY","MARLY PEGASUS EXCLUSIF EDP 125ml","3700578502209","24050","https://mazaya.eg/en/marly-pegasus-exclusif-edp-125ml","https://www.mazaya.eg/media/catalog/product/p/d/pdm_pegasus_exclusif-1_1.jpg?store=en&image-type=small_image"
"Men Fragrance","MARLY","MARLY LAYTON EXCLUSIF EDP 125ml","3700578502223","24150","https://mazaya.eg/en/marly-layton-exclusif-edp-125ml","https://www.mazaya.eg/media/catalog/product/p/d/pdm_layton_exclusif-2.jpg?store=en&image-type=small_image"
"Men Fragrance","CALVIN KLEIN","Eternity Amber Essence Parfum intense 100 ML","3616305616128","5350","https://mazaya.eg/en/eternity-amber-essence-parfum-intense-100-ml","https://www.mazaya.eg/media/catalog/product/5/0/5070761686.jpeg?store=en&image-type=small_image"
"Men Fragrance","CALVIN KLEIN","Eternity Man EDT 100 ML","088300605514","4675","https://mazaya.eg/en/eternity-man-edt-100-ml","https://www.mazaya.eg/media/catalog/product/c/k/ck_eternity_edt.jpg?store=en&image-type=small_image"
"Men Fragrance","CALVIN KLEIN","CK Defy EDP","CK Defy EDP","5740","https://mazaya.eg/en/ck-defy-edp","https://www.mazaya.eg/media/catalog/product/c/a/calvin_klein_defy_edp_100ml-visual_1.jpg?store=en&image-type=small_image"
"Men Fragrance","CALVIN KLEIN","DEFY Eau de Toilette","Calvin Klein Ck Defy","4850","https://mazaya.eg/en/calvin-klein-ck-defy123455-html11","https://www.mazaya.eg/media/catalog/product/c/a/calvin-klein-ck-defy-eau-de-toilette-100-ml_1.jpg?store=en&image-type=small_image"
"Men Fragrance","CALVIN KLEIN","Euphoria Eau de Toilette Spray","Calvin Klein euphoria men Eau de Toilette Spray","3760","https://mazaya.eg/en/calvin-klein-euphoria-intense-for-men-eau-de-toilette123455-html11","https://www.mazaya.eg/media/catalog/product/7/1/71dpp7fyvtl._sl1500__1.jpg?store=en&image-type=small_image"
"Men Fragrance","CALVIN KLEIN","One Eau de Toilette","CK ONE EDT","4750","https://mazaya.eg/en/ck-one-edt11","https://www.mazaya.eg/media/catalog/product/c/k/ck_one_edt_100_ml.jpg?store=en&image-type=small_image"
"Men Fragrance","CALVIN KLEIN","IN 2 U EDT 100 ml men","088300196890","3290","https://mazaya.eg/en/in-2-u-edt-100-ml-men","https://www.mazaya.eg/media/catalog/product/0/8/088300196890.jpg?store=en&image-type=small_image"
"Men Fragrance","CALVIN KLEIN","DEFY Parfum","DEFY Parfum","4015","https://mazaya.eg/en/defy-parfum","https://www.mazaya.eg/media/catalog/product/3/6/3616304175978_3.png?store=en&image-type=small_image"
"Men Fragrance","CALVIN KLEIN","Everyone EDP","Everyone EDP","3760","https://mazaya.eg/en/everyone-edp","https://www.mazaya.eg/media/catalog/product/3/6/3616301781172_1.jpeg?store=en&image-type=small_image"
"Men Fragrance","CALVIN KLEIN","CK Eternity For Men Parfum 100ml","3616303549763","4840","https://mazaya.eg/en/ck-eternity-for-men-parfum-100ml","https://www.mazaya.eg/media/catalog/product/v/a/vadqj_sq1_0000000036_gold_slf.jpeg?store=en&image-type=small_image"
"Men Fragrance","CALVIN KLEIN","Calvin Klein Eternity for Men - Eau de Toilette","Calvin Klein Eternity for Men - Eau de Toilette","4050","https://mazaya.eg/en/calvin-klein-eternity-for-men-eau-de-toilette","https://www.mazaya.eg/media/catalog/product/c/a/calvin-klein-eternity-edt__27069.1526408168_1.jpg?store=en&image-type=small_image"
"Men Fragrance","CALVIN KLEIN","Man Eau de Toilette","Calvin Klein Man Eau de Toilette","3265","https://mazaya.eg/en/calvin-klein-man-eau-de-toilette123455-html11","https://www.mazaya.eg/media/catalog/product/c/a/calvin_klein_man_2_2_1.jpg?store=en&image-type=small_image"
"Men Fragrance","CALVIN KLEIN","CK Be Unisex Eau de Toilette Spray","Calvin Klein CK Be Unisex Eau de Toilette Spray/Pour","3665","https://mazaya.eg/en/ck-ck-be-edt-spray11","https://www.mazaya.eg/media/catalog/product/c/k/ck_ck_be_edt_spray_200_6.7oz.jpg?store=en&image-type=small_image"
"Men Fragrance","The merchant of Venice","VENETIAN BLUE - BLU EDP 100 ML","679602491150","8250","https://mazaya.eg/en/venetian-blue-blu-edp-100-ml","https://www.mazaya.eg/media/catalog/product/6/7/679602491150.jpg?store=en&image-type=small_image"
"Men Fragrance","The merchant of Venice","OTTOMAN AMBER EDP 100ML","679602491044","8250","https://mazaya.eg/en/ottoman-amber-edp-100ml","https://www.mazaya.eg/media/catalog/product/6/7/679602491044-1.png?store=en&image-type=small_image"
"Men Fragrance","The merchant of Venice","NOBILHOMO GOLD REGATTA EDPV 100 ML NEW","679602411127","11750","https://mazaya.eg/en/nobilhomo-gold-regatta-edpv-100-ml-new","https://www.mazaya.eg/media/catalog/product/6/7/679602411127.jpg?store=en&image-type=small_image"
"Men Fragrance","The merchant of Venice","NOBILHOMO DAMASCUS DESERT  - VIOLA EDP 100 ML","679602004916","8250","https://mazaya.eg/en/nobilhomo-damascus-desert-viola-edp-100-ml","https://www.mazaya.eg/media/catalog/product/6/7/679602004916.jpg?store=en&image-type=small_image"
"Men Fragrance","Michael Cinco","Michael Cinco - M4 EDP - 100 ML ","3770032647104","9800","https://mazaya.eg/en/michael-cinco-m4-edp-100-ml","https://www.mazaya.eg/media/catalog/product/m/4/m4-1-removebg-preview.png?store=en&image-type=small_image"
"Men Fragrance","Juliette has a gun","IN THE MOOD FOR OUD 75ML EDP","3760022731326","13050","https://mazaya.eg/en/in-the-mood-for-oud-75ml-edp","https://www.mazaya.eg/media/catalog/product/3/7/3760022731326.jpg?store=en&image-type=small_image"
"Men Fragrance","Juliette has a gun","Liquid Illusion EDP 75 ML","3760022730770","13050","https://mazaya.eg/en/liquid-illusion-edp-75-ml","https://www.mazaya.eg/media/catalog/product/3/7/3760022730770.jpg?store=en&image-type=small_image"
"Men Fragrance","Juliette has a gun","ODE TO DULLNESS 100ML","3760022733924","7400","https://mazaya.eg/en/ode-to-dullness-100ml","https://www.mazaya.eg/media/catalog/product/j/h/jhag_ode-to-dullness_100ml_06c.png?store=en&image-type=small_image"
"Men Fragrance","Juliette has a gun","METAL CHYPRE 75ML","3760022730381","14150","https://mazaya.eg/en/metal-chypre-75ml","https://www.mazaya.eg/media/catalog/product/m/e/metal_chypre-face_cmjn_d_tour_.png?store=en&image-type=small_image"
"Men Fragrance","Memo","LALIBELA 75ML EDP","3700458603323","17550","https://mazaya.eg/en/lalibela-75ml-edp","https://www.mazaya.eg/media/catalog/product/3/7/3700458603323.jpg?store=en&image-type=small_image"
"Men Fragrance","Memo","EDP IRISH LEATHER 75ML.","3700458602982","14150","https://mazaya.eg/en/edp-irish-leather-75ml","https://www.mazaya.eg/media/catalog/product/3/7/3700458611359_1nnnn.jpg?store=en&image-type=small_image"
"Men Fragrance","Memo","MARFA EDP 200ML","3700458604542","30700","https://mazaya.eg/en/marfa-edp-200ml","https://www.mazaya.eg/media/catalog/product/5/2/523224586-1.jpg?store=en&image-type=small_image"
"Men Fragrance","Memo","African Leather Rose","3700458604375","31350","https://mazaya.eg/en/african-leather-rose","https://www.mazaya.eg/media/catalog/product/c/a/cardamom_geranium_leather_accord_rose_essence.-removebg-preview.png?store=en&image-type=small_image"
"Men Fragrance","Memo","EDP Sicilian Leather EDP 75ml","3700458602487","17550","https://mazaya.eg/en/edp-sicilian-leather-edp-75ml","https://www.mazaya.eg/media/catalog/product/3/7/3700458602487.jpg?store=en&image-type=small_image"
"Men Fragrance","Memo","Corfu EDP 75mI","3700458602524","17550","https://mazaya.eg/en/corfu-edp-75mi","https://www.mazaya.eg/media/catalog/product/3/7/3700458602524.jpeg?store=en&image-type=small_image"
"Men Fragrance","Memo","Sherwood EDP 75mI","3700458604610","17550","https://mazaya.eg/en/sherwood-edp-75mi","https://www.mazaya.eg/media/catalog/product/3/7/3700458604610.jpg?store=en&image-type=small_image"
"Men Fragrance","Memo","Marfa Spices EDP 75mI","3700458603064","31350","https://mazaya.eg/en/marla-spices-edp-75mi","https://www.mazaya.eg/media/catalog/product/3/7/3700458603064-removebg-preview_2.png?store=en&image-type=small_image"
"Men Fragrance","Memo","Lalibela Oud EDP 75mI ","3700458604382","31350","https://mazaya.eg/en/lalibela-oud-edp-75mi","https://www.mazaya.eg/media/catalog/product/3/7/3700458604382-removebg-preview.png?store=en&image-type=small_image"
"Men Fragrance","Memo","African Leather Eau de Parfum","3700458602999","17550","https://mazaya.eg/en/memo-edp-african-leather-75ml12344-1","https://www.mazaya.eg/media/catalog/product/m/e/mem012_memoparis_african-leather_1560x1960-sjfo3_1.jpg?store=en&image-type=small_image"
"Men Fragrance","Memo","Jannat Eau de Parfum","3700458618938","17550","https://mazaya.eg/en/memo-edp-jannat-75ml12344","https://www.mazaya.eg/media/catalog/product/u/p/up3700458618938.jpg?store=en&image-type=small_image"
"Men Fragrance","Memo","EDP ITALIAN LEATHER 75ML NEW","3700458603040","17550","https://mazaya.eg/en/edp-italian-leather-75ml-new","https://www.mazaya.eg/media/catalog/product/3/7/3700458603040_ue6ypybb41mr8ixd.jpg?store=en&image-type=small_image"
"Men Fragrance","Memo","Travel Case Blue Plain Leath","3700458616804","4410","https://mazaya.eg/en/memo-travel-case-blue-plain-leath12344","https://www.mazaya.eg/media/catalog/product/b/l/blue-plain-leather-travel-case-569_900x-removebg-preview.png?store=en&image-type=small_image"
"Men Fragrance","Memo","Moroccan Leather Eau de Parfum","3700458618594","17550","https://mazaya.eg/en/memo-edp-moroccan-leather-75ml12344","https://www.mazaya.eg/media/catalog/product/m/e/memmem031_memoparis_moroccanleather_1560x1960-fbhf4jpg.jpg?store=en&image-type=small_image"
"Men Fragrance","Swiss Arabian","ESSENCE OF CASABLANCA 1404 100ML EDP","6295124042768","6460","https://mazaya.eg/en/essence-of-casablanca-1404-100ml-edp","https://www.mazaya.eg/media/catalog/product/6/2/6295124042768_ekrzqpcp4zqfcoic.jpg?store=en&image-type=small_image"
"Men Fragrance","Swiss Arabian","SPIRIT OF VALENCIA 1404 100ML EDP","6295124042799","6460","https://mazaya.eg/en/spirit-of-valencia-1404-100ml-edp","https://www.mazaya.eg/media/catalog/product/6/2/6295124042799_4_.jpg?store=en&image-type=small_image"
"Men Fragrance","Swiss Arabian","PASSION OF VENICE 1404 100ML EDP","6295124042782","6460","https://mazaya.eg/en/passion-of-venice-1404-100ml-edp","https://www.mazaya.eg/media/catalog/product/6/2/6295124042782_3_.jpg?store=en&image-type=small_image"
"Men Fragrance","Swiss Arabian","OUD74 1080 50ML EDP","6295124036835","6965","https://mazaya.eg/en/oud74-1080-50ml-edp","https://www.mazaya.eg/media/catalog/product/6/2/6295124036835_2_.jpg?store=en&image-type=small_image"
"Men Fragrance","Swiss Arabian","MUSK74 POUDRE 1080 50ML EDP","6295124041006","6965","https://mazaya.eg/en/musk74-poudre-1080-50ml-edp","https://www.mazaya.eg/media/catalog/product/6/2/6295124041006.jpg?store=en&image-type=small_image"
"Men Fragrance","Swiss Arabian","ROSE01 1080 50ML EDP","6295124037931","6965","https://mazaya.eg/en/rose01-1080-50ml-edp","https://www.mazaya.eg/media/catalog/product/6/2/6295124037931_4_.jpg?store=en&image-type=small_image"
"Men Fragrance","Swiss Arabian","MUSK07 1080 50ML EDP","6295124036804","6965","https://mazaya.eg/en/musk07-1080-50ml-edp","https://www.mazaya.eg/media/catalog/product/6/2/6295124036804_2_.jpg?store=en&image-type=small_image"
"Men Fragrance","Swiss Arabian","GHARAAM 1080 50ML EDP","6295124031250","4750","https://mazaya.eg/en/gharaam-1080-50ml-edp","https://www.mazaya.eg/media/catalog/product/6/2/6295124031250_3_.jpg?store=en&image-type=small_image"
"Men Fragrance","Swiss Arabian","SHAGHAF OUD AZRAQ 985 75ML EDP","6295124041266","4970","https://mazaya.eg/en/shaghaf-oud-azraq-985-75ml-edp","https://www.mazaya.eg/media/catalog/product/6/2/6295124041266_5_.jpg?store=en&image-type=small_image"
"Men Fragrance","Swiss Arabian","CASABLANCA 1043 100ML EDP","6295124024290","3720","https://mazaya.eg/en/casablanca-1043-100ml-edp","https://www.mazaya.eg/media/catalog/product/s/w/swiss_casablanca.jpg?store=en&image-type=small_image"
"Men Fragrance","PAROUR","POLICE SPORT EAU DE TOILETTE 100 ml VAPO","679602331104","1320","https://mazaya.eg/en/sport-eau-de-toilette-100-ml","https://www.mazaya.eg/media/catalog/product/6/7/679602331104.jpeg?store=en&image-type=small_image"
"Men Fragrance","PAROUR","Lomani XXX Eau de Toilette","PAROUR LOMANI XXX EDT","845","https://mazaya.eg/en/parour-lomani-xxx-edt123455-html","https://www.mazaya.eg/media/catalog/product/l/o/lomani-xxx_1.jpg?store=en&image-type=small_image"
"Men Fragrance","PAROUR","VIZZARI MEN EDT 100 ML","3610400000912","1110","https://mazaya.eg/en/vizzari-men-edt-100-ml","https://www.mazaya.eg/media/catalog/product/3/6/3610400000912_upyyjhfswl8rb8dd.jpg?store=en&image-type=small_image"
"Men Fragrance","PAROUR","Lomani Only Blue Eau de Toilette","PAROUR Lomani Only Blue EDT","835","https://mazaya.eg/en/parour-lomani-only-blue-edt123455-html","https://www.mazaya.eg/media/catalog/product/6/1/61vrlfnopll._sl1000__1.jpg?store=en&image-type=small_image"
"Men Fragrance","PAROUR","Lomani Why Not Eau de Toilette","PAROUR LOMANI WHY NOT EDT","845","https://mazaya.eg/en/parour-lomani-why-not-edt123455-html","https://www.mazaya.eg/media/catalog/product/r/e/res_68233b490a7007db791b8bfff9866988_full_1.jpg?store=en&image-type=small_image"
"Men Fragrance","Cartier","Pasha De Cartier EDT 100ml","3432240506306","6710","https://mazaya.eg/en/pasha-de-cartier-edt-100ml","https://www.mazaya.eg/media/catalog/product/3/4/3432240506306_w4saxpdmukrmismy.jpg?store=en&image-type=small_image"
"Men Fragrance","Cartier","Pasha De Cartier Ed. Noir Sport EDT","Pasha De Cartier Ed. Noir Sport EDT","6710","https://mazaya.eg/en/pasha-de-cartier-ed-noir-sport-edt","https://www.mazaya.eg/media/catalog/product/3/4/3432240506207_1.jpg?store=en&image-type=small_image"
"Men Fragrance","Cartier","Declaration Parfum 100ml","3432240501875","8215","https://mazaya.eg/en/declaration-parfum-100ml","https://www.mazaya.eg/media/catalog/product/3/4/3432240501875.jpg?store=en&image-type=small_image"
"Men Fragrance","Cartier","PASHA DE CARTIER","PASHA DE CARTIER","6535","https://mazaya.eg/en/pasha-de-cartier","https://www.mazaya.eg/media/catalog/product/9/e/9e0114d5-e4e1-4aea-b98f-63fdf46f8989_1.jpg?store=en&image-type=small_image"
"Men Fragrance","Cartier","Pasha De Cartier Parfum 50ml","3432240506276","5560","https://mazaya.eg/en/pasha-de-cartier-parfum-50ml","https://www.mazaya.eg/media/catalog/product/3/4/3432240506276_ydclumi8gqcbzaoi.jpg?store=en&image-type=small_image"
"Men Fragrance","Cartier","L'Envol EDP R. 100ml","3432240501141","7740","https://mazaya.eg/en/l-envol-edp-r-100ml","https://www.mazaya.eg/media/catalog/product/3/4/3432240501141_xcrdqmo3jmt7oj3i.jpg?store=en&image-type=small_image"
"Men Fragrance","Cartier","Declaration d'Un Soir EDT 100 ML","3432240029263","6535","https://mazaya.eg/en/declaration-d-un-soir-edt-100-ml","https://www.mazaya.eg/media/catalog/product/3/4/3432240029263_ppdsz2rnv5o6c6oh.jpg?store=en&image-type=small_image"
"Men Fragrance","Cartier","Eau de Cartier EDT 100ml","3432240005908","2580","https://mazaya.eg/en/eau-de-cartier-edt-100ml","https://www.mazaya.eg/media/catalog/product/3/4/3432240005908_zjhv7d8cd0agv0jv.jpg?store=en&image-type=small_image"
"Men Fragrance","Cartier","Declaration d'Un Soir EDT 100ml","3432240500403","2785","https://mazaya.eg/en/declaration-d-un-soir-edt-100ml","https://www.mazaya.eg/media/catalog/product/3/4/3432240029263.jpg?store=en&image-type=small_image"
"Men Fragrance","Cartier","L'Envol EDT Noir","L Envol EDT Noir","5890","https://mazaya.eg/en/l-envol-edt-noir","https://www.mazaya.eg/media/catalog/product/3/4/3432240501455_2.jpg?store=en&image-type=small_image"
"Men Fragrance","Cartier","Pasha De Cartier Noir Absolu Parfum 100ml","3432240507129","8560","https://mazaya.eg/en/pasha-de-cartier-noir-absolu-parfum-100ml","https://www.mazaya.eg/media/catalog/product/3/4/3432240507129.jpg?store=en&image-type=small_image"
"Men Fragrance","Cartier","Declaration EDT 100ml","3432240502131","6535","https://mazaya.eg/en/declaration-edt-100ml","https://www.mazaya.eg/media/catalog/product/3/4/3432240502131.jpg?store=en&image-type=small_image"
"Men Fragrance","MICHAEL KORS","POUR HOMME EDP","POUR HOMME EDP","5300","https://mazaya.eg/en/pour-homme-edp","https://www.mazaya.eg/media/catalog/product/p/o/pour_homme_edp_2.jpg?store=en&image-type=small_image"
"Men Fragrance","MICHAEL KORS","POUR FEMME EDP","POUR FEMME EDP","5700","https://mazaya.eg/en/pour-femme-edp","https://www.mazaya.eg/media/catalog/product/p/o/pour_femme_edp_1.jpg?store=en&image-type=small_image"
"Men Fragrance","ExNihilo","VESPER GLITZ 100ML","3760264096702","18500","https://mazaya.eg/en/vesper-glitz-100ml","https://www.mazaya.eg/media/catalog/product/3/7/3760264096702.jpg?store=en&image-type=small_image"
"Men Fragrance","ExNihilo","SANTAL CALLING 100 ML","3760264095309","18500","https://mazaya.eg/en/santal-calling-100-ml","https://www.mazaya.eg/media/catalog/product/3/7/3760264095309.jpg?store=en&image-type=small_image"
"Men Fragrance","ExNihilo","EXPLICITE","EXPLICITE","18500","https://mazaya.eg/en/explicite","https://www.mazaya.eg/media/catalog/product/3/7/3760264093251_1.jpg?store=en&image-type=small_image"
"Men Fragrance","ExNihilo","BLUE TALISMAN","BLUE TALISMAN","18500","https://mazaya.eg/en/blue-talisman","https://www.mazaya.eg/media/catalog/product/3/7/3760264097440_1.jpg?store=en&image-type=small_image"
"Men Fragrance","ExNihilo","ATLAS FEVER 100ML","3760264092193","24850","https://mazaya.eg/en/atlas-fever-100ml","https://www.mazaya.eg/media/catalog/product/3/7/3760264092193.jpg?store=en&image-type=small_image"
"Men Fragrance","ExNihilo","AMBER SKY 100ML","3760264092162","25100","https://mazaya.eg/en/amber-sky-100ml","https://www.mazaya.eg/media/catalog/product/3/7/3760264092162.jpg?store=en&image-type=small_image"
"Men Fragrance","ExNihilo","GOLD IMMORTALS","GOLD IMMORTALS","18500","https://mazaya.eg/en/gold-immortals","https://www.mazaya.eg/media/catalog/product/3/7/3760264093565_2.jpg?store=en&image-type=small_image"
"Men Fragrance","ExNihilo","THE HEDONIST 100ML","3760264094166","18500","https://mazaya.eg/en/the-hedonist-100ml","https://www.mazaya.eg/media/catalog/product/3/7/3760264094166_1.jpg?store=en&image-type=small_image"
"Men Fragrance","MERCEDES BENZ","Intense EDT 100 ML","3595471061171","4840","https://mazaya.eg/en/intense-edt-100-ml","https://www.mazaya.eg/media/catalog/product/3/5/3595471061171-.jpg?store=en&image-type=small_image"
"Men Fragrance","MERCEDES BENZ","Intense by Mercedes-Benz EDT SPRAY","3595471024787","5170","https://mazaya.eg/en/intense-by-mercedes-benz-edt-spray","https://www.mazaya.eg/media/catalog/product/3/5/3595471024787--.png?store=en&image-type=small_image"
"Men Fragrance","MERCEDES BENZ","Ultimate by Mercedes-Benz EAU DE PARFUM","3595471022967","5610","https://mazaya.eg/en/ultimate-by-mercedes-benz-eau-de-parfum","https://www.mazaya.eg/media/catalog/product/3/5/3595471022967-.jpg?store=en&image-type=small_image"
"Men Fragrance","MERCEDES BENZ","SIGN YOUR POWER 100 Ml","3595471028334","4950","https://mazaya.eg/en/sign-your-power-100-ml","https://www.mazaya.eg/media/catalog/product/3/5/3595471028334.jpg?store=en&image-type=small_image"
"Men Fragrance","MERCEDES BENZ","AMG Red Thrill EDP 100 Ml","3595471095367","6380","https://mazaya.eg/en/amg-red-thrill-edp-100-ml","https://www.mazaya.eg/media/catalog/product/3/5/3595471095367-.jpg?store=en&image-type=small_image"
"Men Fragrance","MERCEDES BENZ","AMG Silver Thrill 100ML","3595471095329","6380","https://mazaya.eg/en/amg-silver-thrill-100ml","https://www.mazaya.eg/media/catalog/product/3/5/3595471095329_1.jpg?store=en&image-type=small_image"
"Men Fragrance","MERCEDES BENZ","AMG Black Thrill EDP 100 Ml","3595471095282","6380","https://mazaya.eg/en/amg-black-thrill-edp-100-ml","https://www.mazaya.eg/media/catalog/product/3/5/3595471095282-.jpg?store=en&image-type=small_image"
"Men Fragrance","MERCEDES BENZ","Sign EAU DE PERFUME 100ml","3595471111012","4840","https://mazaya.eg/en/sign-eau-de-perfume-100ml","https://www.mazaya.eg/media/catalog/product/3/5/3595471111012.jpeg?store=en&image-type=small_image"
"Men Fragrance","MERCEDES BENZ","Select Night","Mercedes Benz Select Night","5060","https://mazaya.eg/en/mercedes-benz-select-night123455-html","https://www.mazaya.eg/media/catalog/product/m/e/mercedes-benz-mercedes-benz-select-night-100ml_1.jpg?store=en&image-type=small_image"
"Men Fragrance","MERCEDES BENZ","Mercedes-Benz Eau De Parfum","Mercedes Benz for Men - Eau de Parfum","5280","https://mazaya.eg/en/mercedes-benz-for-men-eau-de-parfum123455-html","https://www.mazaya.eg/media/catalog/product/3/5/3595471061096_1.jpg?store=en&image-type=small_image"
"Men Fragrance","MERCEDES BENZ","Mercedes-Benz Man Eau de Toilette","MERCEDES-BENZ MAN EDT","4620","https://mazaya.eg/en/mercedes-benz-man-edt123455-html","https://www.mazaya.eg/media/catalog/product/m/e/mercedes-benz_man_edt.jpg?store=en&image-type=small_image"
"Men Fragrance","MERCEDES BENZ","Club Black Men Eau de Toilette","Mercedes Benz Club BLACK EDT","4950","https://mazaya.eg/en/mercedes-benz-club-black-men-edt123455-html","https://www.mazaya.eg/media/catalog/product/3/5/3595471041197_1.jpg?store=en&image-type=small_image"
"Men Fragrance","MERCEDES BENZ","The Move Eau De Toilette Spray","Mercedes Benz The Move by Mercedes Benz Eau De Toilette Spray","4290","https://mazaya.eg/en/mercedes-benz-the-move-by-mercedes-benz-eau-de-toilette-spray123455-html","https://www.mazaya.eg/media/catalog/product/3/5/3595471091017_1.jpg?store=en&image-type=small_image"
"Men Fragrance","MERCEDES BENZ","Mercedes-Benz For Men Intense Eau de Toilette","MERCEDES-BENZ FOR MEN INTENSE EDT","4230","https://mazaya.eg/en/mercedes-benz-for-men-intense-edt123455-html","https://www.mazaya.eg/media/catalog/product/m/e/mercedes-benz_for_men_intense_edt.jpg?store=en&image-type=small_image"
"Men Fragrance","MERCEDES BENZ","MERCEDES-BENZ FOR MEN EDT","MERCEDES-BENZ FOR MEN EDT","4840","https://mazaya.eg/en/mercedes-benz-for-men-edt","https://www.mazaya.eg/media/catalog/product/m/e/mercedes-benz_for_men_edt.jpg?store=en&image-type=small_image"
"Men Fragrance","Chopard","MALAKI CEDAR EDP 80ML","7640177360656","8140","https://mazaya.eg/en/malaki-cedar-edp-80ml","https://www.mazaya.eg/media/catalog/product/m/a/malaki_cedar_edp_80ml_-_pic1.jpg?store=en&image-type=small_image"
"Men Fragrance","Chopard","LEATHER MALAKI EDP 80ML","7640177361127","8140","https://mazaya.eg/en/leather-malaki-edp-80ml","https://www.mazaya.eg/media/catalog/product/7/6/7640177361127.jpg?store=en&image-type=small_image"
"Men Fragrance","Chopard","Malaki Oud EDP","7640177360083","9075","https://mazaya.eg/en/malaki-oud-edp","https://www.mazaya.eg/media/catalog/product/m/a/malaki_oud_edp_80ml_-_pic1.jpg?store=en&image-type=small_image"
"Men Fragrance","Chopard","Malaki Black Incense Eau de Parfum","7640177360366","8140","https://mazaya.eg/en/malaki-black-incense-edp234","https://www.mazaya.eg/media/catalog/product/m/a/malaki_black_incense_edp_80ml_-_pic1.jpg?store=en&image-type=small_image"
"Men Fragrance","Thameen","EXTRAIT DE PERFUME INSIGNIA 50ML","5060905833276","20700","https://mazaya.eg/en/extrait-de-perfume-insignia-50ml","https://www.mazaya.eg/media/catalog/product/5/0/5060905833276-removebg-preview.png?store=en&image-type=small_image"
"Men Fragrance","Thameen","EXTRACT DE PERFUME THE HOPE 100ML","5060905833696","21550","https://mazaya.eg/en/extract-de-perfume-the-hope-100ml","https://www.mazaya.eg/media/catalog/product/5/0/5060905833696.jpg?store=en&image-type=small_image"
"Men Fragrance","Thameen","SOML EXTRACT DE PERFUME SCEPTRE","724120146928","19000","https://mazaya.eg/en/soml-extract-de-perfume-sceptre","https://www.mazaya.eg/media/catalog/product/7/2/724120146928.jpeg?store=en&image-type=small_image"
"Men Fragrance","Thameen","SOML EXTRACT DE PERFUME RED CULLINAN DIMAOND","5060905833566","18150","https://mazaya.eg/en/soml-extract-de-perfume-red-cullinan-dimaond","https://www.mazaya.eg/media/catalog/product/5/0/5060905833566.jpg?store=en&image-type=small_image"
"Men Fragrance","Thameen","EXTRACT DE PERFUME PEACOCK 100ML","5060905833702","21550","https://mazaya.eg/en/extract-de-perfume-peacock-100ml","https://www.mazaya.eg/media/catalog/product/5/0/5060905833702.jpg?store=en&image-type=small_image"
"Men Fragrance","Thameen","EXTRACT DE PERFUME NOOROLOAIN 100 ML","5060905833719","25200","https://mazaya.eg/en/extract-de-perfume-nooroloain-100-ml","https://www.mazaya.eg/media/catalog/product/5/0/5060905833719.jpg?store=en&image-type=small_image"
"Men Fragrance","Thameen","FANFARE COLOGNE EuxiR","5060905833658","20700","https://mazaya.eg/en/fanfare-cologne-euxir","https://www.mazaya.eg/media/catalog/product/5/0/5060905833658.jpg?store=en&image-type=small_image"
"Men Fragrance","Thameen","DISCOVERY SET EDP","5060905833337","6700","https://mazaya.eg/en/discovery-set-edp","https://www.mazaya.eg/media/catalog/product/5/0/5060905833337.jpeg?store=en&image-type=small_image"
"Men Fragrance","Thameen","PERFUME TREASURE set","5060905833320","31350","https://mazaya.eg/en/perfume-treasure-collection","https://www.mazaya.eg/media/catalog/product/5/0/5060905833320.jpg?store=en&image-type=small_image"
"Men Fragrance","Thameen","SOVEREIGN COLLECTION set","5060905833115","15400","https://mazaya.eg/en/sovereign-collection-box-4in1","https://www.mazaya.eg/media/catalog/product/5/0/5060905833115.webp.png?store=en&image-type=small_image"
"Men Fragrance","Thameen","Chords 100mI Cologne Elixir	","5060905833924","20700","https://mazaya.eg/en/chords-100mi-cologne-elixir","https://www.mazaya.eg/media/catalog/product/5/0/5060905833924-removebg-preview.png?store=en&image-type=small_image"
"Men Fragrance","Thameen","EXTRACT DE PERFUME AMBER ROOM 100ml","5060905832484","21550","https://mazaya.eg/en/extract-de-perfume-amber-room-100ml","https://www.mazaya.eg/media/catalog/product/5/0/5060905832484.jpeg?store=en&image-type=small_image"
"Men Fragrance","Thameen","Bravi 100ml Cologne Elixir","5060905833856","20700","https://mazaya.eg/en/bravi-100ml-cologne-elixir","https://www.mazaya.eg/media/catalog/product/5/0/5060905833856.jpg?store=en&image-type=small_image"
"Men Fragrance","Thameen","BOHEMIAN INFUSION 100ML","5060905833795","20700","https://mazaya.eg/en/bohemian-infusion-100ml","https://www.mazaya.eg/media/catalog/product/u/n/untitledrrrr_111_.jpg?store=en&image-type=small_image"
"Men Fragrance","Thameen","ROYAL SAPPHIRE 50 ML","724120146959","20700","https://mazaya.eg/en/royal-sapphire-100-ml","https://www.mazaya.eg/media/catalog/product/7/2/724120146959.jpg?store=en&image-type=small_image"
"Men Fragrance","Thameen","IMPERIAL CROWN 50 ML","724120146904","19000","https://mazaya.eg/en/imperial-crown","https://www.mazaya.eg/media/catalog/product/i/m/imperial_crown_50_mlr.jpg?store=en&image-type=small_image"
"Men Fragrance","Thameen","THE CORA 100 ML","5060905832491","21550","https://mazaya.eg/en/the-cora-100-ml","https://www.mazaya.eg/media/catalog/product/5/0/5060905832491.jpg?store=en&image-type=small_image"
"Men Fragrance","Thameen","RIVIERE 100 ML","724120147062","22200","https://mazaya.eg/en/riviere-100-ml","https://www.mazaya.eg/media/catalog/product/u/n/untitledrrr-removebg-preview.png?store=en&image-type=small_image"
"Men Fragrance","Thameen","REGENT LEATHER 100 ML","5060905832460","28500","https://mazaya.eg/en/regent-leather-100-ml","https://www.mazaya.eg/media/catalog/product/r/e/regent_leather_100_ml-r.jpg?store=en&image-type=small_image"
"Men Fragrance","Thameen","PATIALA 100 ML","5060905832569","22200","https://mazaya.eg/en/patiala-100-ml","https://www.mazaya.eg/media/catalog/product/p/a/patiala_100_mlr.jpg?store=en&image-type=small_image"
"Men Fragrance","Thameen","GREEN PEARL 100 ML","5060905832507","20900","https://mazaya.eg/en/green-pearl-100-ml","https://www.mazaya.eg/media/catalog/product/g/r/green_pearl_100_mlrrr.jpg?store=en&image-type=small_image"
"Men Fragrance","Thameen","CARVED OUD 100ML","724120147079","22550","https://mazaya.eg/en/carved-oud-100ml","https://www.mazaya.eg/media/catalog/product/7/2/724120147079-.jpg?store=en&image-type=small_image"
"Men Fragrance","Thameen","BLUE HEART 100ML","5060905833689","22200","https://mazaya.eg/en/blue-heart-100ml","https://www.mazaya.eg/media/catalog/product/b/l/blue_heart_100ml.jpg?store=en&image-type=small_image"
"Men Fragrance","Thameen","SOML EXTRACT DE PERFUME DIADEM","724120146911","20700","https://mazaya.eg/en/soml-extract-de-perfume-diadem","https://www.mazaya.eg/media/catalog/product/7/2/724120146911_1.jpg?store=en&image-type=small_image"
"Men Fragrance","Thameen","PEREGRINA 100 ML","5060905832477","21900","https://mazaya.eg/en/peregrina-100-ml","https://www.mazaya.eg/media/catalog/product/p/e/peregrina_100_mlr.jpg?store=en&image-type=small_image"
"Men Fragrance","Sapil","MAISON DE LUXE 1600 100ML EDP SAP","6295124043406","1065","https://mazaya.eg/en/maison-de-luxe-1600-100ml-edp-sap","https://www.mazaya.eg/media/catalog/product/6/2/6295124043406.jpg?store=en&image-type=small_image"
"Men Fragrance","Sapil","SOLID OUD 100ML EDT  ","6295124027932","935","https://mazaya.eg/en/solid-oud-917-100ml-edt","https://www.mazaya.eg/media/catalog/product/6/2/6295124027932.jpg?store=en&image-type=small_image"
"Men Fragrance","Sapil","SOLID BLACK 100ML EDT  ","6295124020148","935","https://mazaya.eg/en/solid-black-917-100ml-edt","https://www.mazaya.eg/media/catalog/product/6/2/6295124020148.jpg?store=en&image-type=small_image"
"Men Fragrance","Sapil","RAVE 100ML EDT  ","6295124030369","825","https://mazaya.eg/en/rave1172-100ml-edt","https://www.mazaya.eg/media/catalog/product/6/2/6295124030369.jpg?store=en&image-type=small_image"
"Men Fragrance","Sapil","QAMAR 100ML EDP  ","6295124039553","880","https://mazaya.eg/en/qamar-1192-100ml-edp","https://www.mazaya.eg/media/catalog/product/6/2/6295124039553.jpg?store=en&image-type=small_image"
"Men Fragrance","Sapil","OUD AL LAIL 100ML EDP  ","6295124039515","880","https://mazaya.eg/en/oud-al-lail-1190-100ml-edp","https://www.mazaya.eg/media/catalog/product/6/2/6295124039515.jpg?store=en&image-type=small_image"
"Men Fragrance","Sapil","OUD AL HAYAT 100ML EDP  ","6295124039508","880","https://mazaya.eg/en/oud-al-hayat-1190-100ml-edp","https://www.mazaya.eg/media/catalog/product/6/2/6295124039508.jpg?store=en&image-type=small_image"
"Men Fragrance","Sapil","ODE 100ML EDP  ","6295124041136","1090","https://mazaya.eg/en/ode-1194-100ml-edp","https://www.mazaya.eg/media/catalog/product/6/2/6295124041136.jpg?store=en&image-type=small_image"
"Men Fragrance","Sapil","NICE FEELINGS 75ML EDT  ","6295124002168","825","https://mazaya.eg/en/nice-feelings350u-75ml-edt","https://www.mazaya.eg/media/catalog/product/6/2/6295124002168.jpg?store=en&image-type=small_image"
"Men Fragrance","Sapil","LEGEND 100ML EDP  ","6295124041129","1090","https://mazaya.eg/en/legend-1196-100ml-edp","https://www.mazaya.eg/media/catalog/product/6/2/6295124041129.jpg?store=en&image-type=small_image"
"Men Fragrance","Sapil","LAHEEB 100ML EDP  ","6295124039546","880","https://mazaya.eg/en/laheeb-1192-100ml-edp","https://www.mazaya.eg/media/catalog/product/6/2/6295124039546.jpg?store=en&image-type=small_image"
"Men Fragrance","Sapil","INTENSE NOIR 100ML EDP  ","6295124039614","1040","https://mazaya.eg/en/intense-noir1166-100ml-edp","https://www.mazaya.eg/media/catalog/product/6/2/6295124039614.jpg?store=en&image-type=small_image"
"Men Fragrance","Sapil","DISCLOSURE WHITE 100ML EDT  ","6295124023675","825","https://mazaya.eg/en/disclosure-white347-100ml-edt","https://www.mazaya.eg/media/catalog/product/6/2/6295124023675.jpg?store=en&image-type=small_image"
"Men Fragrance","Sapil","DISCLOSURE 100ML EDT  ","6295124003059","825","https://mazaya.eg/en/disclosure347u-100ml-edt","https://www.mazaya.eg/media/catalog/product/6/2/6295124003059.jpg?store=en&image-type=small_image"
"Men Fragrance","Sapil","ALBI 100ML EDP  ","6295124039522","880","https://mazaya.eg/en/albi-694-100ml-edp","https://www.mazaya.eg/media/catalog/product/6/2/6295124039522.jpg?store=en&image-type=small_image"
"Men Fragrance","Sapil","MAISON DE BOIS 1600 100ML EDP SAP","6295124043383","1065","https://mazaya.eg/en/maison-de-bois-1600-100ml-edp-sap","https://www.mazaya.eg/media/catalog/product/6/2/6295124043383.png?store=en&image-type=small_image"
"Men Fragrance","Sapil","SOLID 100ML EDT  ","6295124001611","935","https://mazaya.eg/en/solid-917u-100ml-edt","https://www.mazaya.eg/media/catalog/product/6/2/6295124001611.jpg?store=en&image-type=small_image"
"Men Fragrance","Sapil","NICE FEELINGS BLACK 75ML EDT  ","6295124000690","825","https://mazaya.eg/en/nice-feelings-black-350u-75ml-edt","https://www.mazaya.eg/media/catalog/product/6/2/6295124000690.jpg?store=en&image-type=small_image"
"Men Fragrance","Sapil","INTENSE 100ML EDT  ","6295124030307","1040","https://mazaya.eg/en/intense1166-100ml-edt","https://www.mazaya.eg/media/catalog/product/6/2/6295124030307.jpg?store=en&image-type=small_image"
"Men Fragrance","Sapil","BOUND 100ML EDT  ","6295124030246","1040","https://mazaya.eg/en/bound1168-100ml-edt","https://www.mazaya.eg/media/catalog/product/6/2/6295124030246.jpg?store=en&image-type=small_image"
"Men Fragrance","XERJOFF","KEMI 50ml Parfum","8054320900900","17000","https://mazaya.eg/en/kemi-50ml-parfum","https://www.mazaya.eg/media/catalog/product/8/0/8054320900900.jpg?store=en&image-type=small_image"
"Men Fragrance","XERJOFF","XXY Parfum","XXY Parfum","25850","https://mazaya.eg/en/xxy-parfum","https://www.mazaya.eg/media/catalog/product/x/e/xerjoff-xxy-parfum-100ml-flacon-photoroom.png-photoroom_1.png?store=en&image-type=small_image"
"Men Fragrance","XERJOFF","Symphonium Parfum","Symphonium Parfum","24850","https://mazaya.eg/en/symphonium-parfum","https://www.mazaya.eg/media/catalog/product/x/e/xerjoff-symphonium-parfum-100ml-flacon-photoroom.png-photoroom.png?store=en&image-type=small_image"
"Men Fragrance","XERJOFF","Homme Parfum","Homme Parfum","25850","https://mazaya.eg/en/homme-parfum","https://www.mazaya.eg/media/catalog/product/x/e/xerjoff-homme-parfum-100ml-flacon-photoroom.png-photoroom.png?store=en&image-type=small_image"
"Men Fragrance","XERJOFF","Accento EDP","Accento EDP","11100","https://mazaya.eg/en/accento-edp","https://www.mazaya.eg/media/catalog/product/x/e/xerjoff-accento-eau_de_parfum-100ml-flacon-photoroom.png-photoroom.png?store=en&image-type=small_image"
"Men Fragrance","XERJOFF","LUNA  50mI Parfum","8054320900849","14350","https://mazaya.eg/en/luna-50mi-parfum","https://www.mazaya.eg/media/catalog/product/8/0/8054320900849.jpg?store=en&image-type=small_image"
"Men Fragrance","XERJOFF","HAYAT 100mI Parfum","8054320900733","22250","https://mazaya.eg/en/hayat-100mi-parfum","https://www.mazaya.eg/media/catalog/product/8/0/8054320900733_1.jpg?store=en&image-type=small_image"
"Men Fragrance","XERJOFF","Opera EDP 50ml","8033488158842","12350","https://mazaya.eg/en/opera-edp-50ml","https://www.mazaya.eg/media/catalog/product/x/e/xerjoff-opera-eau_de_parfum-100ml-flacon_1.png?store=en&image-type=small_image"
"Men Fragrance","XERJOFF","Soprano EDP","Soprano EDP","11100","https://mazaya.eg/en/soprano-edp","https://www.mazaya.eg/media/catalog/product/s/o/soprano_edp.png?store=en&image-type=small_image"
"Men Fragrance","XERJOFF","JTC - Join the Club 400 - edp 50 ml","8054320900276","11800","https://mazaya.eg/en/jtc-join-the-club-400-edp-50-ml","https://www.mazaya.eg/media/catalog/product/i/m/img_8879.jpeg?store=en&image-type=small_image"
"Men Fragrance","XERJOFF","Opera EDP 100ml","8033488156367","19300","https://mazaya.eg/en/opera-edp-100ml","https://www.mazaya.eg/media/catalog/product/x/e/xerjoff-opera-eau_de_parfum-100ml-flacon.png?store=en&image-type=small_image"
"Men Fragrance","Orto Paris","Brutus 50 ml","8717774840832","10850","https://mazaya.eg/en/brutus-50-ml","https://www.mazaya.eg/media/catalog/product/k/k/kkkk.png?store=en&image-type=small_image"
"Men Fragrance","Orto Paris","Boccanera 50 ml","8717774840849","10850","https://mazaya.eg/en/boccanera-50-ml","https://www.mazaya.eg/media/catalog/product/8/7/8717774840849.jpeg?store=en&image-type=small_image"
"Men Fragrance","Orto Paris","Stercus 50 ml","8717774840818","10850","https://mazaya.eg/en/stercus-50-ml","https://www.mazaya.eg/media/catalog/product/8/7/8717774840818_1.jpg?store=en&image-type=small_image"
"Men Fragrance","Orto Paris","Viride 50 ml","8717774840825","10850","https://mazaya.eg/en/viride-50-ml","https://www.mazaya.eg/media/catalog/product/8/7/8717774840825-removebg-preview.png?store=en&image-type=small_image"
"Men Fragrance","Orto Paris","Seminalis 50 ml","8717774840856","10850","https://mazaya.eg/en/seminalis-50-ml","https://www.mazaya.eg/media/catalog/product/8/7/8717774840856_1_.png?store=en&image-type=small_image"
"Men Fragrance","Orto Paris","Cuoium 50 ml","8717774840887","10850","https://mazaya.eg/en/cuoium-50-ml","https://www.mazaya.eg/media/catalog/product/8/7/8717774840887.jpg?store=en&image-type=small_image"
"Men Fragrance","My Perfume","WILD DEEP EDP 115ML","6290102032076","960","https://mazaya.eg/en/wild-deep-edp-115ml","https://www.mazaya.eg/media/catalog/product/w/i/wilddeep_1100x.jpg?store=en&image-type=small_image"
"Men Fragrance","My Perfume","MALEFICENT EDP 100ML","6290102030584","965","https://mazaya.eg/en/maleficent-edp-100ml","https://www.mazaya.eg/media/catalog/product/6/2/6290102030584_1_.jpg?store=en&image-type=small_image"
"Men Fragrance","My Perfume","WOW OUD 53 EDP 80ML","6290102032014","1140","https://mazaya.eg/en/wow-oud-53-edp-80ml","https://www.mazaya.eg/media/catalog/product/6/2/6290102032014_3_.jpg?store=en&image-type=small_image"
"Men Fragrance","My Perfume","BAUGSONS LEAVE YOUR FEARS BEHIND EDP 100ML","6290102023883","1155","https://mazaya.eg/en/baugsons-leave-your-fears-behind-edp-100ml","https://www.mazaya.eg/media/catalog/product/b/a/baugsons_leave_your_fears_behind_edp_100ml.png?store=en&image-type=small_image"
"Men Fragrance","My Perfume","SCUDO ELECTRIQUE EDP 100ML","6290102031758","965","https://mazaya.eg/en/scudo-electrique-edp-100ml","https://www.mazaya.eg/media/catalog/product/6/2/6290102031758_1_.jpg?store=en&image-type=small_image"
"Men Fragrance","My Perfume","FABULICIOUS EDP 100ML","6290102032069","1140","https://mazaya.eg/en/fabulicious-edp-100ml","https://www.mazaya.eg/media/catalog/product/6/2/6290102032069_2_.jpg?store=en&image-type=small_image"
"Men Fragrance","My Perfume","LATE NIGHT EDP 100ML","6290102029700","965","https://mazaya.eg/en/late-night-edp-100ml","https://www.mazaya.eg/media/catalog/product/6/2/6290102029700.jpg?store=en&image-type=small_image"
"Men Fragrance","My Perfume","MURANO EDP 100ML","6290102030614","965","https://mazaya.eg/en/murano-edp-100ml","https://www.mazaya.eg/media/catalog/product/6/2/6290102030614_2_.jpg?store=en&image-type=small_image"
"Men Fragrance","My Perfume","KINGDOM EDP 100ML","6390902027934","745","https://mazaya.eg/en/kingdom-edp-100ml","https://www.mazaya.eg/media/catalog/product/6/3/6390902027934_2_.jpg?store=en&image-type=small_image"
"Men Fragrance","My Perfume","RHAPSODY EDP 85ML","6290102030621","955","https://mazaya.eg/en/rhapsody-edp-85ml","https://www.mazaya.eg/media/catalog/product/6/2/6290102030621_2_.jpg?store=en&image-type=small_image"
"Men Fragrance","My Perfume","DARK SCUDO EDP 100ML","6290102030577","965","https://mazaya.eg/en/dark-scudo-edp-100ml","https://www.mazaya.eg/media/catalog/product/6/2/6290102030577_2_.jpg?store=en&image-type=small_image"
"Men Fragrance","My Perfume","RIDER BLUE EDP 100ML","6290102031697","965","https://mazaya.eg/en/rider-blue-edp-100ml","https://www.mazaya.eg/media/catalog/product/6/2/6290102031697_2_.jpg?store=en&image-type=small_image"
"Men Fragrance","My Perfume","EVOQUE MEN EDP 100ML","6290102032458","965","https://mazaya.eg/en/evoque-men-edp-100ml","https://www.mazaya.eg/media/catalog/product/6/2/6290102032458_2_.jpg?store=en&image-type=small_image"
"Men Fragrance","My Perfume","THE ETERNAL CLUB EDP 200ML","6290102030560","960","https://mazaya.eg/en/the-eternal-club-edp-200ml","https://www.mazaya.eg/media/catalog/product/6/2/6290102030560_2_.jpg?store=en&image-type=small_image"
"Men Fragrance","My Perfume","SENSITIVE EDP 100ML","6390902028016","805","https://mazaya.eg/en/sensitive-edp-100ml","https://www.mazaya.eg/media/catalog/product/6/3/6390902028016_1_.jpg?store=en&image-type=small_image"
"Men Fragrance","My Perfume","CONQUER EDP 100ML","6290102031918","960","https://mazaya.eg/en/conquer-edp-100ml","https://www.mazaya.eg/media/catalog/product/6/2/6290102031918_2_.jpg?store=en&image-type=small_image"
"Men Fragrance","My Perfume","TITANIUM EDP 100ML","6290102030607","955","https://mazaya.eg/en/titanium-edp-100ml","https://www.mazaya.eg/media/catalog/product/6/2/6290102030607_2_.jpg?store=en&image-type=small_image"
"Men Fragrance","My Perfume","My Perfumes Bizarre Eau de Parfum","Bougsons My Perfumes BIZARRE Edp","1395","https://mazaya.eg/en/bougsons-my-perfumes-bizarre-edp123455-html","https://www.mazaya.eg/media/catalog/product/b/i/bizarre-380pixcel_1.jpg?store=en&image-type=small_image"
"Men Fragrance","ISSEY MIYAKE","L Eau D Issey Men EDT 200ML","3423470485448","8500","https://mazaya.eg/en/l-eau-d-issey-men-edt-200ml","https://www.mazaya.eg/media/catalog/product/3/4/3423470485448.jpg?store=en&image-type=small_image"
"Men Fragrance","ISSEY MIYAKE","Fusion d'Issey Extreme EDT spray 100ML","3423222010133","6500","https://mazaya.eg/en/fusion-d-issey-extreme-edt-spray-100ml","https://www.mazaya.eg/media/catalog/product/e/z/ezgif-4-506dbad4d4.jpg?store=en&image-type=small_image"
"Men Fragrance","ISSEY MIYAKE","ISSEY MIYAKE NUIT HOMME EDP","Nuit Homme Eau de Parfum","7500","https://mazaya.eg/en/issey-miyake-nuit-homme-edp","https://www.mazaya.eg/media/catalog/product/i/s/issey_miyake_nuit_homme_edp.jpg?store=en&image-type=small_image"
"Men Fragrance","ISSEY MIYAKE","LEAU DISSEY MAN 125ML EDT","3423470311365","6500","https://mazaya.eg/en/leau-dissey-man-125ml-edt","https://www.mazaya.eg/media/catalog/product/3/4/3423470311365.jpeg?store=en&image-type=small_image"
"Men Fragrance","ISSEY MIYAKE","L' EAU D'ISSEY","3423222090715","3300","https://mazaya.eg/en/im-eh-edm-23","https://www.mazaya.eg/media/catalog/product/3/4/3423222090715-.jpg?store=en&image-type=small_image"
"Men Fragrance","ISSEY MIYAKE","Fusion D`Issey","Issey Miyake Fusion D`Issey","3800","https://mazaya.eg/en/issey-miyake-fusion-d-issey","https://www.mazaya.eg/media/catalog/product/3/4/3423478974654-.jpeg?store=en&image-type=small_image"
"Men Fragrance","ISSEY MIYAKE"," L`Eau D`Issey Wood & Wood Intense For Men EDP 100ML","3423478509351","5800","https://mazaya.eg/en/l-eau-d-issey-wood-wood-intense-for-men-edp-100ml","https://www.mazaya.eg/media/catalog/product/3/4/3423478509351.jpg?store=en&image-type=small_image"
"Men Fragrance","ISSEY MIYAKE","L'EAU D'ISSEY FOR MEN VETIVER INTENSE EDT 100ML","3423222090722","4200","https://mazaya.eg/en/l-eau-d-issey-for-men-vetiver-intense-edt-100ml","https://www.mazaya.eg/media/catalog/product/3/4/3423222090722_3_.jpg?store=en&image-type=small_image"
"Men Fragrance","Nasomatto","Sadonaso 30 ml","8717774840580","9250","https://mazaya.eg/en/sadonaso-30-ml","https://www.mazaya.eg/media/catalog/product/s/a/sadonaso.jpg?store=en&image-type=small_image"
"Men Fragrance","Nasomatto","Fantomas 30 ml","8717774840344","9250","https://mazaya.eg/en/fantomas-30-ml","https://www.mazaya.eg/media/catalog/product/n/a/nasomatto-product_fantomas2_8717774840344_na044.jpg?store=en&image-type=small_image"
"Men Fragrance","Nasomatto","Nudiflorum 30 ml","8717774840337","9250","https://mazaya.eg/en/nudiflorum-30-ml","https://www.mazaya.eg/media/catalog/product/n/a/nasomatto-product_nudiflorum2_8717774840337_na0042.jpg?store=en&image-type=small_image"
"Men Fragrance","Nasomatto","Pardon 30 ml","8717774840290","9250","https://mazaya.eg/en/pardon-30-ml","https://www.mazaya.eg/media/catalog/product/n/a/nasomatto-product_pardon2_8717774840290_na0019.jpg?store=en&image-type=small_image"
"Men Fragrance","Nasomatto","Black Afgano 30 ml","8717774840061","9250","https://mazaya.eg/en/black-afgano-30-ml","https://www.mazaya.eg/media/catalog/product/n/a/nasomatto-product_blackafgano2_8717774840061_na0017.jpg?store=en&image-type=small_image"
"Men Fragrance","Nasomatto","Absinth 30 ml","8717774840047","9250","https://mazaya.eg/en/absinth-30-ml","https://www.mazaya.eg/media/catalog/product/n/a/nasomatto-product_absinth2_8717774840047_na0015.jpg?store=en&image-type=small_image"
"Men Fragrance","Nasomatto","Silver Musk 30 ml","8717774840023","9250","https://mazaya.eg/en/silver-musk-30-ml","https://www.mazaya.eg/media/catalog/product/n/a/nasomatto-product_silvermusk2_8717774840023_na0013.jpg?store=en&image-type=small_image"
"Men Fragrance","Nasomatto","Duro 30 ml","8717774840009","9250","https://mazaya.eg/en/duro-30-ml","https://www.mazaya.eg/media/catalog/product/n/a/nasomatto-product_duro2_8717774840009_na0011.jpg?store=en&image-type=small_image"
"Men Fragrance","Nasomatto","Blamage 30 ml","8717774840313","9250","https://mazaya.eg/en/blamage-30-ml","https://www.mazaya.eg/media/catalog/product/n/a/nasomatto-product_blamage2_8717774840313_na0020.jpg?store=en&image-type=small_image"
"Men Fragrance","DAVIDOFF","Cool Water Reborn Man EDT 125ml","3616302038381","2772.5","https://mazaya.eg/en/cool-water-reporn-man-edt-125ml","https://www.mazaya.eg/media/catalog/product/3/6/3616302038381-.jpeg?store=en&image-type=small_image"
"Men Fragrance","DAVIDOFF","CW Men Intense EDP 125ml","3614228174275","5500","https://mazaya.eg/en/cw-men-intense-edp-125ml","https://www.mazaya.eg/media/catalog/product/3/6/3614228174275_.jpeg?store=en&image-type=small_image"
"Men Fragrance","DAVIDOFF","Adventure Man EDT 100ml","3414200204415","2190","https://mazaya.eg/en/adventure-man-edt-100ml","https://www.mazaya.eg/media/catalog/product/3/4/3414200204415-.jpeg?store=en&image-type=small_image"
"Men Fragrance","DAVIDOFF","Champion Man","DAVIDOFF CHAMPION MAN","2530","https://mazaya.eg/en/davidoff-champion-man","https://www.mazaya.eg/media/catalog/product/d/a/davidoff_champion_man_50_ml_edt.jpg?store=en&image-type=small_image"
"Men Fragrance","DAVIDOFF","Cool Water Wave Eau De Toilette","3614223379934","3245","https://mazaya.eg/en/cool-water-wave-eau-de-toilette","https://www.mazaya.eg/media/catalog/product/3/6/3614223379934.jpg?store=en&image-type=small_image"
"Men Fragrance","DAVIDOFF","Cool Water Intense for Men Eau De Parfum","3614228174237","4015","https://mazaya.eg/en/cool-water-intense-for-men-eau-de-parfum","https://www.mazaya.eg/media/catalog/product/3/6/3614228174237.jpg?store=en&image-type=small_image"
"Men Fragrance","DAVIDOFF","Hot Water Man","DAVIDOFF HOT WATER MAN","1865","https://mazaya.eg/en/davidoff-hot-water-man","https://www.mazaya.eg/media/catalog/product/d/a/davidoff_hot_water_man.jpg?store=en&image-type=small_image"
"Men Fragrance","DAVIDOFF","Horizon Eau de Toilette","DaviDoff Horizon EDT","3070","https://mazaya.eg/en/davidoff-horizon-edt","https://www.mazaya.eg/media/catalog/product/d/a/davidoff_horizon_edt_125ml.jpg?store=en&image-type=small_image"
"Men Fragrance","CRISTIANO RONALDO","ORIGINS EAU DE TOILETTE","ORIGINS EAU DE TOILETTE 100ML","2950","https://mazaya.eg/en/origins-eau-de-toilette-100ml","https://www.mazaya.eg/media/catalog/product/c/r/cristiano_ronaldo_origins-1_2.png?store=en&image-type=small_image"
"Men Fragrance","CRISTIANO RONALDO","GAME ON EAU DE TOILETTE 100ML","5060524510909","3950","https://mazaya.eg/en/game-on-eau-de-toilette-100ml","https://www.mazaya.eg/media/catalog/product/c/r/cr7-_game_on-2.jpg?store=en&image-type=small_image"
"Men Fragrance","CRISTIANO RONALDO","PLAY IT COOL EAU DE TOILETTE 100ML","5060524510749","3950","https://mazaya.eg/en/play-it-cool-eau-de-toilette-100ml","https://www.mazaya.eg/media/catalog/product/c/r/cr7-_play_it_cool-2.jpg?store=en&image-type=small_image"
"Men Fragrance","CRISTIANO RONALDO","Cristiano CR7 EDT-100 mL","5060524510008","3950","https://mazaya.eg/en/cristiano-cr7-edt-100-ml","https://www.mazaya.eg/media/catalog/product/c/r/cristiano_cr7_50m_edt_1_1.jpg?store=en&image-type=small_image"
"Men Fragrance","INITIO","Rehab EXTRAIT DE PARFUM 90ml","3701415901452","20550","https://mazaya.eg/en/rehab-extrait-de-parfum-90ml","https://www.mazaya.eg/media/catalog/product/i/n/initio_rehab-1_1_.png?store=en&image-type=small_image"
"Men Fragrance","INITIO","INITIO OUD FOR GREATNESS EDP 90 ML","3701415901377","23100","https://mazaya.eg/en/initio-oud-for-greatness-edp-90-ml","https://www.mazaya.eg/media/catalog/product/l/a/last_1.png?store=en&image-type=small_image"
"Men Fragrance","INITIO","INITIO THE CANAL- ATOMIC ROSE EDP 90 ML","3701415901421","20400","https://mazaya.eg/en/initio-the-canal-atomic-rose-edp-90-ml","https://www.mazaya.eg/media/catalog/product/d/u/duefte-damen-duefte-initio-atomic-rose-edp-spray-90ml_2.jpg?store=en&image-type=small_image"
"Men Fragrance","INITIO","INITIO CANAL-HIGH FREQUENCY 90 ML","3701415900066","19550","https://mazaya.eg/en/initio-canal-high-frequency-90-ml","https://www.mazaya.eg/media/catalog/product/i/n/initio-high-frequency-edp-90-ml_1_.png?store=en&image-type=small_image"
"Men Fragrance","INITIO","Paragon EXTRAIT DE PARFUM 90ml","3701415901438","20900","https://mazaya.eg/en/paragon-extrait-de-parfum-90ml","https://www.mazaya.eg/media/catalog/product/i/n/initio_paragon-2.jpg?store=en&image-type=small_image"
"Men Fragrance","INITIO","Narcotic Delight EAU DE PARFUM 90ml","3701415902008","20400","https://mazaya.eg/en/narcotic-delight-eau-de-parfum-90ml","https://www.mazaya.eg/media/catalog/product/i/n/initio_narcotic_delight-1.png?store=en&image-type=small_image"
"Men Fragrance","GUESS","GUESS UOMO ACQUA FOR MEN","085715336606","3685","https://mazaya.eg/en/guess-uomo-acqua-for-men","https://www.mazaya.eg/media/catalog/product/g/u/guess_uomo_acqua_edt_100ml.pic.1.jpg?store=en&image-type=small_image"
"Men Fragrance","GUESS","GUESS ORIGINALS TYPE 3","085715323217","6400","https://mazaya.eg/en/guess-originals-type-3","https://www.mazaya.eg/media/catalog/product/g/u/guess-originals-type_3-_edp_100ml.-2.jpg?store=en&image-type=small_image"
"Men Fragrance","GUESS","GUESS ORIGINALS TYPE 2","085715323200","6400","https://mazaya.eg/en/guess-originals-type-2","https://www.mazaya.eg/media/catalog/product/g/u/guess-originals-type_2-_edp_100ml.-2.jpg?store=en&image-type=small_image"
"Men Fragrance","GUESS","GUESS ORIGINALS TYPE 1","085715323194","6400","https://mazaya.eg/en/guess-originals-type-1","https://www.mazaya.eg/media/catalog/product/g/u/guess-originals-type_1-_edp_100ml.-1.jpg?store=en&image-type=small_image"
"Men Fragrance","GUESS","UOMO  Eau De Toilette for Men 100 ML","085715326607","3685","https://mazaya.eg/en/uomo-eau-de-parfum-for-men-100-ml","https://www.mazaya.eg/media/catalog/product/g/u/gu-2022-uomo-edt-100ml_32660.jpg?store=en&image-type=small_image"
"Men Fragrance","GUESS","ICONIC FOR MEN EDP -100ML","085715323644","4290","https://mazaya.eg/en/iconic-for-men-edp-100ml","https://www.mazaya.eg/media/catalog/product/0/8/085715323644-1.jpg?store=en&image-type=small_image"
"Men Fragrance","GUESS","Guess 1981 for men 100 ML EDT","085715321817","3220","https://mazaya.eg/en/guess-1981-for-men-100-ml-edt","https://www.mazaya.eg/media/catalog/product/0/8/085715321817_sgxueg1mosrrvbkv.jpg?store=en&image-type=small_image"
"Men Fragrance","GUESS","UOMO INTENSO EDP 100ML","085715326706","3685","https://mazaya.eg/en/uomo-intenso-edp-100ml","https://www.mazaya.eg/media/catalog/product/g/u/guess_uomo_intenso_edp_100ml-pic1.jpg?store=en&image-type=small_image"
"Men Fragrance","GUESS","Seductive red for men EDT 100 ML","085715321732","3135","https://mazaya.eg/en/seductive-red-for-men-edt-100-ml","https://www.mazaya.eg/media/catalog/product/e/z/ezgif-4-4c8da50365.jpg?store=en&image-type=small_image"
"Men Fragrance","GUESS","GUESS MARCIANO EDT","085715321305","3135","https://mazaya.eg/en/guess-marciano-edt","https://www.mazaya.eg/media/catalog/product/1/2/1272674_800x600_b.jpg?store=en&image-type=small_image"
"Men Fragrance","GUESS","Seductive Homme Noir Eau de Toilette","GUESS SEDUCTIVE HOMME NOIR (M) EDT","3135","https://mazaya.eg/en/guess-seductive-homme-noir-m-edt123455-html","https://www.mazaya.eg/media/catalog/product/s/e/seductive-homme-noir-by-guess-for-men-edt-100ml-4817_0g4m-cs_1.jpg?store=en&image-type=small_image"
"Men Fragrance","GUESS","1981 Los Angeles Eau De Toilette","Guess 1981 Los Angeles for Men, Eau De Toilette","3135","https://mazaya.eg/en/guess-1981-los-angeles-for-men-eau-de-toilette123455-html","https://www.mazaya.eg/media/catalog/product/n/2/n26089506a_1_1.jpg?store=en&image-type=small_image"
"Men Fragrance","GUESS","GUESS SEDUCTIVE HOMME EDT","GUESS SEDUCTIVE HOMME EDT","3135","https://mazaya.eg/en/guess-seductive-homme-edt","https://www.mazaya.eg/media/catalog/product/g/u/guess_seductive_homme_100_ml_edt.jpg?store=en&image-type=small_image"
"Men Fragrance","Nishane","  Hundred Silent Ways X  100 ml","8683608071041","21350","https://mazaya.eg/en/hundred-silent-ways-x-100-ml","https://www.mazaya.eg/media/catalog/product/8/6/8683608071041_2_.jpg?store=en&image-type=small_image"
"Men Fragrance","Nishane","  Karagoz 50 ml","8681008055401","15850","https://mazaya.eg/en/karagoz-50-ml","https://www.mazaya.eg/media/catalog/product/8/6/8681008055401_2_.jpg?store=en&image-type=small_image"
"Men Fragrance","Nishane","NEFS 50 ML","8681008055265","34850","https://mazaya.eg/en/nefs-50-ml","https://www.mazaya.eg/media/catalog/product/8/6/8681008055265.jpg?store=en&image-type=small_image"
"Men Fragrance","Nishane","Sultan Vetiver 50 ml","8681008055487","12500","https://mazaya.eg/en/sultan-vetiver-50-ml","https://www.mazaya.eg/media/catalog/product/8/6/8681008055487.jpg?store=en&image-type=small_image"
"Men Fragrance","Nishane","Fan Your Flames","Fan Your Flames","14000","https://mazaya.eg/en/fan-your-flames","https://www.mazaya.eg/media/catalog/product/8/6/8681008055579.jpg?store=en&image-type=small_image"
"Men Fragrance","Nishane","Hacivat","Hacivat","15850","https://mazaya.eg/en/hacivat","https://www.mazaya.eg/media/catalog/product/8/6/8683608071201_4_.jpg?store=en&image-type=small_image"
"Men Fragrance","Nishane"," Hundred Silent Ways","Hundred Silent Ways","13600","https://mazaya.eg/en/hundred-silent-ways","https://www.mazaya.eg/media/catalog/product/8/6/8681008055586_6_.jpg?store=en&image-type=small_image"
"Men Fragrance","Nishane","ANI","ANI","21050","https://mazaya.eg/en/ani","https://www.mazaya.eg/media/catalog/product/8/6/8681008055067-0.jpg?store=en&image-type=small_image"
"Men Fragrance","Nishane","Ege/ αιγαίο","Ege/ αιγαίο","21600","https://mazaya.eg/en/ege-aigaio","https://www.mazaya.eg/media/catalog/product/8/6/8681008055258_2_.jpg?store=en&image-type=small_image"
"Men Fragrance","Nishane","Wūlóng Chá","Wūlóng Chá","12500","https://mazaya.eg/en/wulong-cha","https://www.mazaya.eg/media/catalog/product/8/6/8681008055418_3_.jpg?store=en&image-type=small_image"
"Men Fragrance","Nishane","  Fan Your Flames X  100 ml","8683608071027","21900","https://mazaya.eg/en/fan-your-flames-x-100-ml","https://www.mazaya.eg/media/catalog/product/8/6/8683608071027_2_.jpg?store=en&image-type=small_image"
"Men Fragrance","Nishane","  Vain & Naive 50 ml","8681008055012","14300","https://mazaya.eg/en/vain-naive-50-ml","https://www.mazaya.eg/media/catalog/product/8/6/8681008055012_3_.jpg?store=en&image-type=small_image"
"Men Fragrance","Nishane","  Zenne 50 ml","8681008055395","15850","https://mazaya.eg/en/zenne-50-ml","https://www.mazaya.eg/media/catalog/product/8/6/8681008055395_3_.jpg?store=en&image-type=small_image"
"Men Fragrance","Nishane","HACIVAT  OUD 50 ML","8683608070914","35900","https://mazaya.eg/en/hacivat-oud-50-ml","https://www.mazaya.eg/media/catalog/product/8/6/8683608070914_2_.jpg?store=en&image-type=small_image"
"Men Fragrance","Nishane","Ambra Calabria 50 ml","8681008055425","12500","https://mazaya.eg/en/ambra-calabria-50-ml","https://backend.mazaya.eg/static/version1776156351/frontend/Magento/luma/en_US/Magento_Catalog/images/product/placeholder/small_image.jpg"
"Men Fragrance","COACH","GREEN EDT 100ML","3386460141253","4400","https://mazaya.eg/en/green-edt-100ml","https://www.mazaya.eg/media/catalog/product/3/3/3386460141253.jpg?store=en&image-type=small_image"
"Men Fragrance","COACH","PLATINUM EDP","PLATINUM EDP","4600","https://mazaya.eg/en/platinum-edp","https://www.mazaya.eg/media/catalog/product/3/3/3386460096867_1_2.jpg?store=en&image-type=small_image"
"Men Fragrance","COACH","Men's Open Road EDT","3386460126625","4100","https://mazaya.eg/en/men-s-open-road-edt","https://www.mazaya.eg/media/catalog/product/3/3/3386460126625_2_.jpg?store=en&image-type=small_image"
"Men Fragrance","COACH","OPEN ROAD EDT NATURAL SPRAY","OPEN ROAD EDT NATURAL SPRAY","3100","https://mazaya.eg/en/open-road-edt-natural-spray","https://www.mazaya.eg/media/catalog/product/3/3/3386460126632_2_.jpg?store=en&image-type=small_image"
"Men Fragrance","COACH","MAN EDT","MAN EDT","3100","https://mazaya.eg/en/man-edt","https://www.mazaya.eg/media/catalog/product/3/3/3386460086332_4_.jpg?store=en&image-type=small_image"
"Men Fragrance","Nightology ","NIGHTOLOGY SUEDE BREEZE EDP 100ML","8431754007632","7500","https://mazaya.eg/en/nightology-suede-breeze-edp-100ml","https://www.mazaya.eg/media/catalog/product/n/i/nightology_suede_breeze_packshot_parfum_100ml_015804000_high.jpg?store=en&image-type=small_image"
"Men Fragrance","Nightology ","NIGHTOLOGY EXQUISITE LILY EDP 100ML","8431754007625","7500","https://mazaya.eg/en/nightology-exquisite-lily-edp-100ml","https://www.mazaya.eg/media/catalog/product/n/i/nightology_exquisite_lily_packshot_parfum_100ml_015704000_high.jpg?store=en&image-type=small_image"
"Men Fragrance","Nightology ","NIGHTOLOGY VIVID VELVET  EDP 100ML","8431754007618","7500","https://mazaya.eg/en/nightology-vivid-velvet-edp-100ml","https://www.mazaya.eg/media/catalog/product/n/i/nightology_vivid_velvet_packshot_parfum_100ml_015604000_high.jpg?store=en&image-type=small_image"
"Men Fragrance","Nightology ","NIGHTOLOGY WILD TEMPTATION EDP 100ML","8431754007656","7500","https://mazaya.eg/en/nightology-wild-temptation-edp-100ml","https://www.mazaya.eg/media/catalog/product/n/i/nightology_wild_temptation_packshot_parfum_100ml_016004000_high.jpg?store=en&image-type=small_image"
"Men Fragrance","Nightology ","NIGHTOLOGY INTIMATE ELIXIR EDP 100ML","8431754007649","7500","https://mazaya.eg/en/nightology-intimate-elixir-edp-100ml","https://www.mazaya.eg/media/catalog/product/n/i/nightology_intimate_elixir_packshot_parfum_100ml_015904000_high.jpg?store=en&image-type=small_image"
"Men Fragrance","Tous","TOUS 1920 THE ORIGIN EDP","TOUS 1920 THE ORIGIN EDP","3150","https://mazaya.eg/en/tous-1920-the-origin-edp","https://www.mazaya.eg/media/catalog/product/t/o/tous_1920_the_origin_bottle_edp_vapo_100ml_042804000_high.jpg?store=en&image-type=small_image"
"Men Fragrance","Tous","TOUS 1920 THE ORIGIN EDT","TOUS 1920 THE ORIGIN EDT","2750","https://mazaya.eg/en/tous-1920-the-origin-edt","https://www.mazaya.eg/media/catalog/product/t/o/tous_1920_the_origin_packshot_edt_vapo_100ml_043504000_high.jpg?store=en&image-type=small_image"
"Men Fragrance","MONT BLANC","Mont Blanc Legend Red EDP For Men","3386460127950","4800","https://mazaya.eg/en/mont-blanc-legend-red-edp-for-men","https://www.mazaya.eg/media/catalog/product/3/3/3386460127950_000.jpg?store=en&image-type=small_image"
"Men Fragrance","MONT BLANC","Legend by Mont blanc for men  Eau de parfum","3386460118125","4800","https://mazaya.eg/en/legend-by-mont-blanc-for-men-eau-de-parfum","https://www.mazaya.eg/media/catalog/product/2/q/2q31.jpg?store=en&image-type=small_image"
"Men Fragrance","MONT BLANC","Mont Blanc Legend EDT Spray Retail Boxed Sealed-100 ML","3386460032681","4100","https://mazaya.eg/en/mont-blanc-legend-edt-spray-retail-boxed-sealed-100-ml","https://backend.mazaya.eg/static/version1776156351/frontend/Magento/luma/en_US/Magento_Catalog/images/product/placeholder/small_image.jpg"
"Men Fragrance","MONT BLANC","Mont Blanc Emblem Eau de Toilette Spray for Men-100 ML","3386460058728","4200","https://mazaya.eg/en/mont-blanc-emblem-eau-de-toilette-spray-for-men-100-ml","https://www.mazaya.eg/media/catalog/product/3/3/3386460058728_1_.jpg?store=en&image-type=small_image"
"Men Fragrance","MONT BLANC","Montblanc Legend Spirit Eau De Toilette-100 ML","3386460074827","4100","https://mazaya.eg/en/montblanc-legend-spirit-eau-de-toilette-100-ml","https://www.mazaya.eg/media/catalog/product/3/3/3386460074827_1.jpg?store=en&image-type=small_image"
"Men Fragrance","Liquides Imaginaires","TUMULTU EDP 100ML","3770004394029","10000","https://mazaya.eg/en/tumultu-edp-100ml","https://www.mazaya.eg/media/catalog/product/1/9/190617-eau-dela-3-tumultu0.png?store=en&image-type=small_image"
"Men Fragrance","Liquides Imaginaires","BELLO RABELO EDP 100ML","3770004394043","10000","https://mazaya.eg/en/bello-rabelo-edp-100ml","https://www.mazaya.eg/media/catalog/product/1/9/190617-eau-sanguine-3-bello-rabelo-scaled.jpg?store=en&image-type=small_image"
"Men Fragrance","Liquides Imaginaires","TAPIS VOLANT EDP 100ML","3770004394715","10000","https://mazaya.eg/en/tapis-volant-edp-100ml","https://www.mazaya.eg/media/catalog/product/1/9/190417-eau-est2b-tapis-volant0.png?store=en&image-type=small_image"
"Men Fragrance","Liquides Imaginaires","SANCTI EDP 100ML","3770004394005","10000","https://mazaya.eg/en/sancti-edp-100ml","https://www.mazaya.eg/media/catalog/product/1/9/190617-eau-dela-1-sancti0.png?store=en&image-type=small_image"
"Men Fragrance","Liquides Imaginaires","PHANTASMA EDP 100ML","3760303360016","10000","https://mazaya.eg/en/phantasma-edp-100ml","https://www.mazaya.eg/media/catalog/product/p/h/phantasma.php_20.png?store=en&image-type=small_image"
"Men Fragrance","Liquides Imaginaires","MELANCOLIA EDP 100ML","3760303360023","10000","https://mazaya.eg/en/melancolia-edp-100ml","https://www.mazaya.eg/media/catalog/product/m/e/melancolia.php_20.png?store=en&image-type=small_image"
"Men Fragrance","Liquides Imaginaires","BEAUTE DU DIABLE EDP 100ML","3770004394654","13850","https://mazaya.eg/en/beaute-du-diable-edp-100ml","https://www.mazaya.eg/media/catalog/product/b/e/beaut_du_diable_bottle0.png?store=en&image-type=small_image"
"Men Fragrance","Liquides Imaginaires","LACRIMA EDP 100ML","3760303360009","10000","https://mazaya.eg/en/lacrima-edp-100ml","https://www.mazaya.eg/media/catalog/product/l/a/lacrima.php0.png?store=en&image-type=small_image"
"Men Fragrance","Liquides Imaginaires","FLEUVE TENDRE EDP 100ML","3770004394593","10000","https://mazaya.eg/en/fleuve-tendre-edp-100ml","https://www.mazaya.eg/media/catalog/product/1/9/190617-eau-imaginaire-fleuve-tendre0.png?store=en&image-type=small_image"
"Men Fragrance","Liquides Imaginaires","DESERT SUAVE EDP 100ML","3770004394623","10000","https://mazaya.eg/en/desert-suave-edp-100ml","https://www.mazaya.eg/media/catalog/product/1/9/190617-eau-imaginaire-desert-suave0.png?store=en&image-type=small_image"
"Men Fragrance","Liquides Imaginaires","BETE HUMAINE 100ML","3760303360115","13850","https://mazaya.eg/en/bete-humaine-100ml","https://www.mazaya.eg/media/catalog/product/b/o/bottle0.png?store=en&image-type=small_image"
"Men Fragrance","Casamorati","XJ Casamorati 1888 - CASAFUTURA - EDP 100 ml","8054320900078","17650","https://mazaya.eg/en/xj-casamorati-1888-casafutura-edp-100-ml","https://www.mazaya.eg/media/catalog/product/c/a/casamorati-1888-eau_de_parfum-100ml-flacon-photoroom.png-photoroom.png?store=en&image-type=small_image"
"Men Fragrance","Casamorati","Lira EDP 100 ml","8033488153595","17650","https://mazaya.eg/en/lira-edp-100-ml","https://www.mazaya.eg/media/catalog/product/c/a/casamorati-lira-eau_de_parfum-100ml-flacon-photoroom.png-photoroom.png?store=en&image-type=small_image"
"Men Fragrance","Casamorati","Italica EDP 100 ml ","8033488154882","19650","https://mazaya.eg/en/italica-edp-100ml","https://www.mazaya.eg/media/catalog/product/c/a/casamorati-italica-eau_de_parfum-100ml-flacon-photoroom.png-photoroom.png?store=en&image-type=small_image"
"Men Fragrance","BVLGARI"," Man Terrae Essence Eau de Parfum","Man Terrae Essence EDP","7150","https://mazaya.eg/en/man-terrae-essence-edp","https://www.mazaya.eg/media/catalog/product/7/8/783320416101r_1.jpg?store=en&image-type=small_image"
"Men Fragrance","BVLGARI","Glacial Essence Eau De Parfum - 100ml","783320411946","9900","https://mazaya.eg/en/783320411946123455-html123","https://www.mazaya.eg/media/catalog/product/7/8/783320411946_.jpg?store=en&image-type=small_image"
"Men Fragrance","BVLGARI","PARFUMS POUR HOMME 100 ML EDP","783320421297","10120","https://mazaya.eg/en/parfums-pour-homme-100-ml-edp","https://www.mazaya.eg/media/catalog/product/7/8/783320421297.png?store=en&image-type=small_image"
"Men Fragrance","BVLGARI","Man Rain Essence EDP 100ml","783320419461","9900","https://mazaya.eg/en/man-rain-essence-edp-100ml","https://www.mazaya.eg/media/catalog/product/7/8/783320419461.jpg?store=en&image-type=small_image"
"Men Fragrance","BVLGARI","Man In Black Parfum 100ml","783320421532","11880","https://mazaya.eg/en/man-in-black-parfum-100ml","https://www.mazaya.eg/media/catalog/product/7/8/783320421532.jpg?store=en&image-type=small_image"
"Men Fragrance","BVLGARI","Aqva Pour Homme EDT 100 ML ","783320413698","8810","https://mazaya.eg/en/aqva-pour-homme-edt-100-ml","https://www.mazaya.eg/media/catalog/product/0/0/005316396096_1.jpg?store=en&image-type=small_image"
"Men Fragrance","BVLGARI","Wood Essence Eau de Parfum","BVLGARI MAN WOOD ESSENCE EDP","9900","https://mazaya.eg/en/bvlgari-man-wood-essence-edp123","https://www.mazaya.eg/media/catalog/product/w/o/wood2.jpg?store=en&image-type=small_image"
"Men Fragrance","BURBERRY","Men's London Eau De Toilette","3614226905215","3810","https://mazaya.eg/en/burberry-london246123455-html12","https://www.mazaya.eg/media/catalog/product/1/4/14444-1200x1200h.jpg?store=en&image-type=small_image"
"Men Fragrance","BURBERRY","Mr. Burberry EDP 50ml","3616301838227","4490","https://mazaya.eg/en/mr-burberry-edp-50ml","https://www.mazaya.eg/media/catalog/product/3/6/3616301838227_jdz537vfx9h2qwnl.jpg?store=en&image-type=small_image"
"Men Fragrance","BURBERRY","Mr. Burberry EDT 100 ML","5045456747685","5915","https://mazaya.eg/en/mr-burberry-edt-100-ml","https://www.mazaya.eg/media/catalog/product/5/0/5045456747685.jpg?store=en&image-type=small_image"
"Men Fragrance","BURBERRY","Hero Parfum","Hero Parfum","6050","https://mazaya.eg/en/hero-parfum","https://www.mazaya.eg/media/catalog/product/3/6/3616304679452_2.png?store=en&image-type=small_image"
"Men Fragrance","BURBERRY","Men Classic Eau De Toilette","3614226905758","3415","https://mazaya.eg/en/burberry-classic-for-him123455-html12","https://www.mazaya.eg/media/catalog/product/b/u/burberry-for-men-eau-de-toilette-spray-100ml-d82d83dbe2-large.jpg?store=en&image-type=small_image"
"Men Fragrance","BURBERRY","Mr. Burberry Eau De Parfum","Burberry Mr. Burberry For Him EDP","5795","https://mazaya.eg/en/burberry-mr-burberry-by-burberry-edp123455-html12","https://www.mazaya.eg/media/catalog/product/b/u/burberry-mr.-burberry-by-burberry-edp-spray-5.0-oz-_150-ml_-_m_-bmrmes5-a_1.jpg?store=en&image-type=small_image"
"Men Fragrance","PAL ZILERI","Privata Viaggio Eau de Toilette","679602180528","3238","https://mazaya.eg/en/pal-zileri-collezione-privata-viaggio","https://www.mazaya.eg/media/catalog/product/u/n/unnamed.jpg?store=en&image-type=small_image"
"Men Fragrance","Lorenzo Villoresi","Lorenzo Villoresi Patchouli EDT","Lorenzo Villoresi Patchouli EDT","5200","https://mazaya.eg/en/lorenzo-villoresi-patchouli-edt","https://www.mazaya.eg/media/catalog/product/0/0/0016958_-lorenzo-villoresi-patchouli-edt-100ml-_600_2.jpeg?store=en&image-type=small_image"
"Men Fragrance","BOND NO. 9","Dubai Collection Garnet Eau De Parfum Spray","Bond No. 9 Dubai Collection Garnet Eau de Parfum Spray","19550","https://mazaya.eg/en/bond-no-9-dubai-collection-garnet-eau-de-parfum-spray1233","https://www.mazaya.eg/media/catalog/product/8/8/888874005617_1.jpg?store=en&image-type=small_image"
"Men Fragrance","BOND NO. 9","Dubai Citrine Eau De Toilette Spray For Unisex","Bond No 9 Dubai Citrine Eau De Toilette Spray For Unisex","19550","https://mazaya.eg/en/bond-no-9-dubai-citrine-eau-de-toilette-spray-for-unisex1233","https://www.mazaya.eg/media/catalog/product/b/o/bond_no.9_-_dubai_citrine-910x1155_1.jpg?store=en&image-type=small_image"
"Men Fragrance","BOND NO. 9","Scent Of Peace","BOND NO 9 SCENT OF PEACE","11350","https://mazaya.eg/en/bond-no-9-scent-of-peace1233","https://www.mazaya.eg/media/catalog/product/b/o/bond_no_9_scent_of_peace_100ml.jpg?store=en&image-type=small_image"
"Men Fragrance","BOND NO. 9","Dubai Amethyst Unisex - Eau De Parfum","Bond No.9 Dubai Amethyst Unisex - Eau de Parfum","19550","https://mazaya.eg/en/bond-no-9-dubai-amethyst-unisex-eau-de-parfum1233","https://www.mazaya.eg/media/catalog/product/8/8/888874005525_1.jpg?store=en&image-type=small_image"
"Men Fragrance","BOND NO. 9","Dubai Black Sapphire","BOND NO 9 DUBAI BLACK SAPPHIRE","19550","https://mazaya.eg/en/bond-no-9-dubai-black-sapphire1233","https://www.mazaya.eg/media/catalog/product/b/o/bond_no_9_dubai_black_sapphire.jpg?store=en&image-type=small_image"
"Men Fragrance","HALLOWEEN","Halloween J DEL POZO HWN MAN ROCK ON EDT","J DEL POZO HWN MAN ROCK ON EDT","4400","https://mazaya.eg/en/j-del-pozo-hwn-man-rock-on-edt","https://www.mazaya.eg/media/catalog/product/j/_/j_del_pozo_hwn_man_rock_on_edt.jpg?store=en&image-type=small_image"
"Men Fragrance","HALLOWEEN","MAGIC EDT 50 ML","8431754005713","2850","https://mazaya.eg/en/magic-edt-50-ml","https://www.mazaya.eg/media/catalog/product/8/4/8431754005713_ijzsfa5l7kc0v95d.jpg?store=en&image-type=small_image"
"Men Fragrance","HALLOWEEN","HALLOWEEN MAN EDT","8431754462516","4400","https://mazaya.eg/en/halloween-man-edt","https://www.mazaya.eg/media/catalog/product/h/a/halloween_halloween_man_bottle_edt_vapo_125ml_0146251_high.jpg?store=en&image-type=small_image"
"Men Fragrance","HALLOWEEN","HALLOWEEN MAN ROCK ON EDT","8431754501512","3150","https://mazaya.eg/en/halloween-man-rock-on-edt","https://www.mazaya.eg/media/catalog/product/h/a/halloween_halloween_man_rock_on_bottle_edt_vapo_125ml_0150251_high.png?store=en&image-type=small_image"
"Men Fragrance","HALLOWEEN","HALLOWEEN Man X EDT Spray","HALLOWEEN Man X EDT Spray","4400","https://mazaya.eg/en/halloween-man-x-edt-spray","https://www.mazaya.eg/media/catalog/product/h/a/halloween_halloween_man_x_bottle_high.jpg?store=en&image-type=small_image"
"Men Fragrance","VERSACE","Eros Najim Parfum","Eros Najim Parfum","9200","https://mazaya.eg/en/eros-najim-parfum","https://www.mazaya.eg/media/catalog/product/8/0/8011003895755_2.png?store=en&image-type=small_image"
"Men Fragrance","VERSACE","EROS FLAME EDP. 50ML+ Shower Gel 50ML + After Shave 50ML","8011003877010","3400","https://mazaya.eg/en/eros-flame-edp-50ml-shower-gel-50ml-after-shave-50ml","https://www.mazaya.eg/media/catalog/product/v/e/versace-eros-flame-50ml-set-2022.jpg?store=en&image-type=small_image"
"Men Fragrance","VERSACE","EROS FLAME EDP 200 ML","8011003846627","9800","https://mazaya.eg/en/eros-flame-edp-200-ml","https://www.mazaya.eg/media/catalog/product/8/0/8011003846627.jpg?store=en&image-type=small_image"
"Men Fragrance","VERSACE","VERSACE EROS POUR HOMME EDP","VERSACE EROS POUR HOMME EDP","7400","https://mazaya.eg/en/versace-eros-pour-homme-edp","https://www.mazaya.eg/media/catalog/product/3/7/375x500.62762_2.jpg?store=en&image-type=small_image"
"Men Fragrance","VERSACE","VERSACE EROS MAN EDT","VERSACE EROS MAN EDT","5100","https://mazaya.eg/en/versace-eros-man-edt","https://www.mazaya.eg/media/catalog/product/u/p/up8011003809219.jpg?store=en&image-type=small_image"
"Men Fragrance","VERSACE","Versace Dylan Blue by Versace EDT","Versace Dylan Blue by Versace EDT","6700","https://mazaya.eg/en/versace-dylan-blue-by-versace-edt","https://www.mazaya.eg/media/catalog/product/6/1/61k8pyuqfxl._ac_sl1500__2.jpg?store=en&image-type=small_image"
"Men Fragrance","VERSACE","Eros Flame Eau de Parfum Spray","VERSACE EROS FLAME Eau De Parfum SPRAY","5700","https://mazaya.eg/en/versace-eros-flame-eau-de-parfum-spray123455-html123","https://www.mazaya.eg/media/catalog/product/v/e/versace-eros-flame-uomo-eau-de-parfum-100ml_1.jpg?store=en&image-type=small_image"
"Men Fragrance","VERSACE","Versace pour Homme Eau de Toilette","Versace Pour Homme Men's Eau de Toilette","5100","https://mazaya.eg/en/versace-pour-homme-men-s-eau-de-toilette123455-html123","https://www.mazaya.eg/media/catalog/product/v/e/versace_1.jpg?store=en&image-type=small_image"
"Men Fragrance","Creed","Millesime Absolu Aventus 100 ML","3508440004352","33550","https://mazaya.eg/en/millesime-absolu-aventus-100-ml","https://www.mazaya.eg/media/catalog/product/3/5/3508440004352_1.jpg?store=en&image-type=small_image"
"Men Fragrance","Creed","Himalaya EDP 100 ML","3508441001084","20995","https://mazaya.eg/en/himalaya-edp-100-ml","https://www.mazaya.eg/media/catalog/product/3/5/3508441001084.jpg?store=en&image-type=small_image"
"Men Fragrance","Creed","Royal Oud EDP 100ml","3508441001121","26850","https://mazaya.eg/en/royal-oud-edp-100ml","https://www.mazaya.eg/media/catalog/product/3/5/3508441001121.jpg?store=en&image-type=small_image"
"Men Fragrance","Creed","Absolu Aventus","3508440251749","32600","https://mazaya.eg/en/absolu-aventus","https://www.mazaya.eg/media/catalog/product/b/o/bottle-3500x3500-9a3faf95-f69d-49b6-aeff-1ce7e4f63581-removebg-preview.png?store=en&image-type=small_image"
"Men Fragrance","Creed","Aventus Eau de Parfum","3508441001114","26850","https://mazaya.eg/en/creed-aventus1233","https://www.mazaya.eg/media/catalog/product/c/r/creed-aventus-men-eau-de-perfume-100ml_2.jpg?store=en&image-type=small_image"
"Men Fragrance","Creed","Silver Mountain Water","3508441001053","25150","https://mazaya.eg/en/creed-silver-mountain-water1233","https://www.mazaya.eg/media/catalog/product/c/r/creed_3508441001053_images_10499968010.jpg?store=en&image-type=small_image"
"Men Fragrance","Creed","Green Irish Tweed","3508441001022","25150","https://mazaya.eg/en/creed-green-irish-tweed123455-html1233","https://www.mazaya.eg/media/catalog/product/s/-/s-l1600_4.jpg?store=en&image-type=small_image"
"Men Fragrance","DIESEL","Only The Brave NOE EDT V 75ML","3614272631885","4100","https://mazaya.eg/en/only-the-brave-noe-edt-v-75ml","https://www.mazaya.eg/media/catalog/product/3/6/3614272631885.jpg?store=en&image-type=small_image"
"Men Fragrance","RALPH LAUREN","POLO RED MAN  EDP 125ML","3605972321794","4500","https://mazaya.eg/en/polo-red-man-edp-125ml","https://www.mazaya.eg/media/catalog/product/3/6/3605972321794_p7jjbci9kj9r0jlz.jpg?store=en&image-type=small_image"
"Men Fragrance","RALPH LAUREN","PRED RUSH EDT 125ML FG G","3605971670930","5400","https://mazaya.eg/en/pred-rush-edt-125ml-fg-g","https://www.mazaya.eg/media/catalog/product/5/1/518-qjbjn9s._ac_sl1000_.jpg?store=en&image-type=small_image"
"Men Fragrance","RALPH LAUREN"," POLO RED MAN 75ML FG G","3605972321831","4785","https://mazaya.eg/en/polo-red-man-75ml-fg-g","https://www.mazaya.eg/media/catalog/product/3/6/3605972321794_1.jpg?store=en&image-type=small_image"
"Men Fragrance","RALPH LAUREN","RALPH LAUREN Cologne Polo Red EDT Spray Unisex Fragrance","RALPH LAUREN Cologne Polo Red EDT Spray Unisex Fragrance","5940","https://mazaya.eg/en/ralph-lauren-cologne-polo-red-edt-spray-unisex-fragrance","https://www.mazaya.eg/media/catalog/product/1/7/17637371__1509650737_c8016846-e86e-46e4-bd29-24d078084269_1200x1200_1.jpg?store=en&image-type=small_image"
"Men Fragrance","MANCERA","SICILY EDP","3760265191697","9460","https://mazaya.eg/en/sicily-edp","https://www.mazaya.eg/media/catalog/product/3/7/3760265191697.jpg?store=en&image-type=small_image"
"Men Fragrance","DUNHILL","Driven Blue","085715807755","3510","https://mazaya.eg/en/driven-blue","https://www.mazaya.eg/media/catalog/product/0/8/085715807755.jpg?store=en&image-type=small_image"
"Men Fragrance","DUNHILL","Icon Man Eau de Parfum","DUNHILL ICON MAN EDP","5055","https://mazaya.eg/en/dunhill-icon-man-edp","https://www.mazaya.eg/media/catalog/product/d/u/dunhill_icon_man.jpg?store=en&image-type=small_image"
"Men Fragrance","DUNHILL","Icon Absolute Man Eau de Parfum","DUNHILL ICON ABSOLUTE MAN EDP","5055","https://mazaya.eg/en/dunhill-icon-absolute-man-edp","https://www.mazaya.eg/media/catalog/product/d/u/dunhill_icon_absolute_man_100_ml_edp.jpg?store=en&image-type=small_image"
"Men Fragrance","NARCISO RODRIGUEZ","VETIVER MUSC FOR MEN EDT","VETIVER MUSC FOR MEN EDT","4200","https://mazaya.eg/en/vetiver-musc-for-men-edt","https://www.mazaya.eg/media/catalog/product/3/4/3423222107741_1_.jpg?store=en&image-type=small_image"
"Men Fragrance","NARCISO RODRIGUEZ","For Him Bleu Noir Parfum Men Perfume","3423222056070","8600","https://mazaya.eg/en/for-him-bleu-noir-parfum-men-perfume","https://www.mazaya.eg/media/catalog/product/3/4/3423222056070_6.jpg?store=en&image-type=small_image"
"Men Fragrance","NARCISO RODRIGUEZ","Bleu Noir For Him EDP","NARCISO RODRIGUEZ FOR HIM Eau De Parfum BLEU NOIR","7400","https://mazaya.eg/en/narciso-rodriguez-for-him-eau-de-parfum-bleu-noir","https://www.mazaya.eg/media/catalog/product/3/4/3423478807556_3108fa02b6a4f3aa6aab2f45fe5e8d47_1.jpg?store=en&image-type=small_image"
"Men Fragrance","Viktor And Rolf","Spicebomb Eau De Toilette","Spicebomb by Viktor&Rolf for Men - Eau de Toilette","7590","https://mazaya.eg/en/spicebomb-by-viktor-rolf-for-men-eau-de-toilette123455-html","https://www.mazaya.eg/media/catalog/product/5/9/59204_1.jpg?store=en&image-type=small_image"
"Women Fragrance","GIORGIO ARMANI","SI PASSIONE RED MUSK","SI PASSIONE RED MUSK","9000","https://mazaya.eg/en/si-passione-red-musk","https://www.mazaya.eg/media/catalog/product/g/a/ga_2025_si-passione-edp-red-musk_100ml_3614274459869_rvb-4000.png?store=en&image-type=small_image"
"Women Fragrance","GIORGIO ARMANI","SI EAU DE PARFUM INTENSE 30ml","3614273734882","4000","https://mazaya.eg/en/si-eau-de-parfum-intense-30ml","https://www.mazaya.eg/media/catalog/product/7/9/799760585-1.jpg?store=en&image-type=small_image"
"Women Fragrance","GIORGIO ARMANI","Sì Passione Eau de Parfum Intense","Sì Passione Eau de Parfum Intense","8000","https://mazaya.eg/en/si-passione-eau-de-parfum-intense","https://www.mazaya.eg/media/catalog/product/g/a/ga_2024_si-passione-edp-intense_100ml_3614274150926_rvb-4000.png?store=en&image-type=small_image"
"Women Fragrance","GIORGIO ARMANI","SI EAU DE PARFUM INTENSE","SI EAU DE PARFUM INTENSE","8000","https://mazaya.eg/en/si-eau-de-parfum-intense","https://www.mazaya.eg/media/catalog/product/g/a/ga_2023_s_-edp-intense_sl_digital_in-hand-1_1x1_rvb-4000_2.png?store=en&image-type=small_image"
"Women Fragrance","GIORGIO ARMANI","MY WAY INTENSE EDP","MY WAY INTENSE EDP","7500","https://mazaya.eg/en/my-way-intense-edp","https://www.mazaya.eg/media/catalog/product/3/6/3614273347846_.jpg?store=en&image-type=small_image"
"Women Fragrance","GIORGIO ARMANI","Si Passione Eclat Eau de Parfum","Si Passione Eclat Eau de Parfum","7800","https://mazaya.eg/en/si-passione-eclat-eau-de-parfum12","https://www.mazaya.eg/media/catalog/product/s/_/s_-passione-_clat-de-parfum_100mlbf_3_cleanup-photoroom_cleanup_2.png?store=en&image-type=small_image"
"Women Fragrance","GIORGIO ARMANI","My Way","GIORGIO ARMANI MY WAY","6900","https://mazaya.eg/en/giorgio-armany-my-way12","https://www.mazaya.eg/media/catalog/product/d/s/dsdxvfsfv_6.jpg?store=en&image-type=small_image"
"Women Fragrance","GIORGIO ARMANI","Si Passione For Women Eau de Parfum","Giorgio Armani Si Passione for Women EDP","7800","https://mazaya.eg/en/si-passione-edp-v12","https://www.mazaya.eg/media/catalog/product/s/i/si_passione_edp_v100ml.jpg?store=en&image-type=small_image"
"Women Fragrance","GIORGIO ARMANI","Si Passione Intense Eau de Parfum Refill 100ML","3614274150896","7600","https://mazaya.eg/en/si-passione-intense-eau-de-parfum-refill-100ml","https://www.mazaya.eg/media/catalog/product/3/6/3614274150896_1_.png?store=en&image-type=small_image"
"Women Fragrance","GIORGIO ARMANI","MY WAY LE PARFUM","MY WAY LE PARFUM","8000","https://mazaya.eg/en/my-way-le-parfum","https://www.mazaya.eg/media/catalog/product/m/y/my_way_le_parfum.png?store=en&image-type=small_image"
"Women Fragrance","GIORGIO ARMANI","MY WAY EAU DE PARFUM INTENSE REFILL BOTTLE","3614273348485","6600","https://mazaya.eg/en/my-way-eau-de-parfum-intense-refill-bottle","https://www.mazaya.eg/media/catalog/product/g/a/ga_2021_myway_edp_intense_150ml_topview_3614273348485_pink_rvb_3000-photoroom.png-photoroom_1_.png?store=en&image-type=small_image"
"Women Fragrance","GIORGIO ARMANI","Si passione EDP 100 ML + 50 ML extra ","3614272556379","8700","https://mazaya.eg/en/si-passione-edp-v150ml-mad","https://www.mazaya.eg/media/catalog/product/g/a/ga_2020_si_passione_150ml_la550100_3614272556379_rvb_3000.png?store=en&image-type=small_image"
"Women Fragrance","GIORGIO ARMANI","SI PASSIONE INTENSE ","ARMANI SI PASSIONE INTENSE","9450","https://mazaya.eg/en/armani-si-passione-intense","https://www.mazaya.eg/media/catalog/product/3/6/3614272826571_1.jpg?store=en&image-type=small_image"
"Women Fragrance","GIORGIO ARMANI","Si Eau de Parfum Intense","SI EDP INTENSE","6400","https://mazaya.eg/en/si-edp-intense112","https://www.mazaya.eg/media/catalog/product/3/6/3614273313162_r1_1.jpg?store=en&image-type=small_image"
"Women Fragrance","Lattafa","Spray Yara Elixir 100 ml","6290362346531","1785","https://mazaya.eg/en/spray-yara-elixir-100-ml","https://www.mazaya.eg/media/catalog/product/6/2/6290362346531__1_-removebg-preview.png?store=en&image-type=small_image"
"Women Fragrance","Lattafa","Spray The Kingdom Women 100ml","6290360598352","1955","https://mazaya.eg/en/spray-the-kingdom-women-100ml","https://www.mazaya.eg/media/catalog/product/k/i/kingdom-women.jpg?store=en&image-type=small_image"
"Women Fragrance","Lattafa","Spray Yara Candy 100ml","6290360599168","1785","https://mazaya.eg/en/spray-yara-candy-100ml","https://www.mazaya.eg/media/catalog/product/6/2/6290360599168-1.jpg?store=en&image-type=small_image"
"Women Fragrance","Lattafa","Spray Yara 100 ML","6291108730515","1555","https://mazaya.eg/en/spray-yara-100-ml","https://www.mazaya.eg/media/catalog/product/y/a/yara_.jpg?store=en&image-type=small_image"
"Women Fragrance","Lattafa","Spray Khamrah Qahwa 100 Ml","6290360593661","2045","https://mazaya.eg/en/spray-khamrah-qahwa-100-ml","https://www.mazaya.eg/media/catalog/product/k/h/khamra_qahwa.jpg?store=en&image-type=small_image"
"Women Fragrance","Lattafa","Spray Khamrah 100 ML","6291108737194","2045","https://mazaya.eg/en/spray-khamrah-100-ml","https://www.mazaya.eg/media/catalog/product/k/h/khamra.jpg?store=en&image-type=small_image"
"Women Fragrance","Lattafa","Spray Ana Abiyedh 60 Ml","6291106066890","1095","https://mazaya.eg/en/spray-ana-abiyedh-60-ml","https://www.mazaya.eg/media/catalog/product/a/n/ana_el_abiyad.jpg?store=en&image-type=small_image"
"Women Fragrance","Lattafa","Spray Atheeri 100ml","6290360598918","2245","https://mazaya.eg/en/spray-atheeri-100ml","https://www.mazaya.eg/media/catalog/product/a/t/atheeri-bottle-copy-1-scaled.jpg?store=en&image-type=small_image"
"Women Fragrance","Lattafa","LATTAFA PRIDE Spray Winners Trophy Gold 100ml","6291108738078","2130","https://mazaya.eg/en/lattafa-pride-spray-winners-trophy-gold-100ml","https://www.mazaya.eg/media/catalog/product/w/i/winners_trophy_gold-1.jpg?store=en&image-type=small_image"
"Women Fragrance","Lattafa","LATTAFA PRIDE Spray La African Drummer 100ml","6290360592893","2130","https://mazaya.eg/en/lattafa-pride-spray-la-african-drummer-100ml","https://www.mazaya.eg/media/catalog/product/l/a/la_african_drummer-1.jpg?store=en&image-type=small_image"
"Women Fragrance","Lattafa","Spray Washwashah + 50 Ml Deo","6456874097129","895","https://mazaya.eg/en/spray-washwashah-50-ml-deo","https://www.mazaya.eg/media/catalog/product/w/a/washwashah-1.jpeg?store=en&image-type=small_image"
"Women Fragrance","Lattafa","Spray Mayar Natural Intense 100 ML","6290360598970","1670","https://mazaya.eg/en/spray-mayar-natural-intense-100-ml","https://www.mazaya.eg/media/catalog/product/m/a/mayar_natural_intense-1.jpg?store=en&image-type=small_image"
"Women Fragrance","Lattafa","Spray Mayar 100 Ml ","6291108732496","1670","https://mazaya.eg/en/spray-mayar-100-ml","https://www.mazaya.eg/media/catalog/product/m/a/mayar-1.jpg?store=en&image-type=small_image"
"Women Fragrance","Lattafa","Spray Her Confession 100ml","6290360599120","2530","https://mazaya.eg/en/spray-her-confession-100ml","https://backend.mazaya.eg/static/version1776156351/frontend/Magento/luma/en_US/Magento_Catalog/images/product/placeholder/small_image.jpg"
"Women Fragrance","Lattafa","Spray Ajwad Pink To Pink 60ml","6290360597133","1555","https://mazaya.eg/en/spray-ajwad-pink-to-pink-60ml","https://www.mazaya.eg/media/catalog/product/a/j/ajwad_pink_-1.jpg?store=en&image-type=small_image"
"Women Fragrance","Lattafa","Spray Yara Tous 100ml","6290360594552","1585","https://mazaya.eg/en/spray-yara-tous-100ml","https://www.mazaya.eg/media/catalog/product/y/a/yara_tous-1.jpg?store=en&image-type=small_image"
"Women Fragrance","Lattafa","Spray Ramz Lattafa Gold 100 Ml","6291106066715","980","https://mazaya.eg/en/spray-ramz-lattafa-gold-100-ml","https://www.mazaya.eg/media/catalog/product/r/a/ramz_lattafa_gold-1.jpg?store=en&image-type=small_image"
"Women Fragrance","Lattafa","Spray Fakhar Lattafa Women100ml","6291107456041","1555","https://mazaya.eg/en/spray-fakhar-lattafa-women100ml","https://www.mazaya.eg/media/catalog/product/f/a/fakhar_lattafa_women.jpg?store=en&image-type=small_image"
"Women Fragrance","Lattafa","Spray  Éclair 100ml","6290362340638","2015","https://mazaya.eg/en/spray-eclair-100ml","https://www.mazaya.eg/media/catalog/product/6/2/6290362340638-1.jpg?store=en&image-type=small_image"
"Women Fragrance","Lattafa","Spray Tendency Blu 100 Ml","6291107453989","945","https://mazaya.eg/en/spray-tendency-blu-100-ml","https://www.mazaya.eg/media/catalog/product/6/2/6291107453989_ytrwhugdamlhi9zf.jpg?store=en&image-type=small_image"
"Women Fragrance","Lattafa","Spray Destiny Sheer 100 Ml","6291107453873","980","https://mazaya.eg/en/spray-destiny-sheer-100-ml","https://www.mazaya.eg/media/catalog/product/6/2/6291107453873_ieigohhgizzltfln.jpg?store=en&image-type=small_image"
"Women Fragrance","Lattafa","Spray Badee Al Oud Amethyst 100ml","6291108733875","1840","https://mazaya.eg/en/spray-badee-al-oud-amethyst-100ml","https://www.mazaya.eg/media/catalog/product/6/2/6291108733875.png?store=en&image-type=small_image"
"Women Fragrance","Valentino ","Born In Roma Donna Rendez-Vous Ivory EDP 100ml ","3614274337365","9500","https://mazaya.eg/en/born-in-roma-donna-rendez-vous-ivory-edp-100ml","https://www.mazaya.eg/media/catalog/product/3/6/3614274337365-3.png?store=en&image-type=small_image"
"Women Fragrance","Valentino ","Born in Roma Donna Green Stravaganza","Born in Roma Donna Green Stravaganza","7600","https://mazaya.eg/en/born-in-roma-donna-green-stravaganza","https://www.mazaya.eg/media/catalog/product/b/o/born_in_roma_donna_green_stravaganza.jpg?store=en&image-type=small_image"
"Women Fragrance","Valentino ","DONNA BORN IN ROMA CORAL FANTASY EAU DE PARFUM","DONNA BORN IN ROMA CORAL FANTASY EAU DE PARFUM","7900","https://mazaya.eg/en/donna-born-in-roma-coral-fantasy-eau-de-parfum","https://www.mazaya.eg/media/catalog/product/d/o/donna_born_in_roma_coral_fantasy_eau_de_parfum_1.jpeg?store=en&image-type=small_image"
"Women Fragrance","Valentino ","Valentino Born in Roma donna EDP Intense woman","Valentino Born in Roma donna EDP Intense woman","8000","https://mazaya.eg/en/valentino-born-in-roma-donna-edp-intense-woman","https://www.mazaya.eg/media/catalog/product/1/1/1111111.jpg?store=en&image-type=small_image"
"Women Fragrance","Valentino ","VOCE VIVA INTENSA EAU DE PARFUM INTENSE","VOCE VIVA INTENSA EAU DE PARFUM INTENSE","8000","https://mazaya.eg/en/voce-viva-intensa-eau-de-parfum-intense","https://www.mazaya.eg/media/catalog/product/1/_/1.jpeg?store=en&image-type=small_image"
"Women Fragrance","Valentino ","VOCE VIVA EAU DE PARFUM","VOCE VIVA EAU DE PARFUM","7600","https://mazaya.eg/en/voce-viva-eau-de-parfum","https://www.mazaya.eg/media/catalog/product/v/a/valentino_frangrance_voce_viva_edp_100_ml_3614273073899_packshot_front_view_reflection.jpg?store=en&image-type=small_image"
"Women Fragrance","Valentino ","VALENTINO DONNA EAU DE PARFUM - 100ml","3614272732308","9500","https://mazaya.eg/en/valentino-donna-eau-de-parfum","https://www.mazaya.eg/media/catalog/product/v/a/valentino_21_-_gamme_new_capot_-_donna_edp_100ml_-_face_-_ec1_dhd_.jpg?store=en&image-type=small_image"
"Women Fragrance","Valentino ","DONNA BORN IN ROMA EAU DE PARFUM","DONNA BORN IN ROMA EAU DE PARFUM","7600","https://mazaya.eg/en/donna-born-in-roma-eau-de-parfum","https://www.mazaya.eg/media/catalog/product/2/2/22.jpg?store=en&image-type=small_image"
"Women Fragrance","Valentino ","BORN IN ROMA RENDEZ-VOUS PINK EDP 100ML","3614274066951","7600","https://mazaya.eg/en/born-in-roma-rendez-vous-pink-edp-100ml","https://www.mazaya.eg/media/catalog/product/v/l/vlt_frag_bir-franchise_rendez-vous-23_dmi_pink_pp_100ml_3614274066951_front_without-shadow.png?store=en&image-type=small_image"
"Women Fragrance","YVES SAINT LAURENT","LIBRE BERRY CRUSH EAU DE PARFUM","LIBRE BERRY CRUSH EAU DE PARFUM","7900","https://mazaya.eg/en/libre-berry-crush-eau-de-parfum","https://www.mazaya.eg/media/catalog/product/3/6/3614274521238.png?store=en&image-type=small_image"
"Women Fragrance","YVES SAINT LAURENT","LIBRE L'EAU NUE PARFUM DE PEAU","LIBRE LEAU NUE PARFUM DE PEAU","7700","https://mazaya.eg/en/libre-l-eau-nue-parfum-de-peau","https://www.mazaya.eg/media/catalog/product/3/6/3614274241006_-_90_ml_libre_l_eau_nue_1_1r_4.jpg?store=en&image-type=small_image"
"Women Fragrance","YVES SAINT LAURENT","LIBRE FLOWERS AND FLAMES","LIBRE FLOWERS AND FLAMES","8200","https://mazaya.eg/en/libre-flowers-and-flames","https://www.mazaya.eg/media/catalog/product/3/6/3614274151701-0_1.jpg?store=en&image-type=small_image"
"Women Fragrance","YVES SAINT LAURENT","LIBRE HAIR MIST 30ML","3614273346665","5200","https://mazaya.eg/en/libre-hair-mist-30ml","https://www.mazaya.eg/media/catalog/product/3/6/3614273346665_kqpie6ncdaqawxhv.jpg?store=en&image-type=small_image"
"Women Fragrance","YVES SAINT LAURENT","Black Opium Le Parfum","Black Opium Le Parfum","9000","https://mazaya.eg/en/black-opium-le-parfum","https://www.mazaya.eg/media/catalog/product/e/z/ezgif-2-36d890d017.jpg?store=en&image-type=small_image"
"Women Fragrance","YVES SAINT LAURENT","YSL LIBRE LE PARFUM ","YSL LIBRE LE PARFUM","8800","https://mazaya.eg/en/ysl-libre-le-parfum","https://www.mazaya.eg/media/catalog/product/3/6/3614273a776127__1.jpg?store=en&image-type=small_image"
"Women Fragrance","YVES SAINT LAURENT","Black Opium Extreme Eau de Parfum","Black Opium Extreme","6700","https://mazaya.eg/en/black-opium-extreme12344","https://www.mazaya.eg/media/catalog/product/d/o/download_1_3.jpg?store=en&image-type=small_image"
"Women Fragrance","YVES SAINT LAURENT","Libre Intense Eau de Parfum ","Libre Intense Eau de Parfum","8300","https://mazaya.eg/en/libre-intense12344","https://www.mazaya.eg/media/catalog/product/9/0/90m_1aaaaaaaaaaaaaaaaa.jpg?store=en&image-type=small_image"
"Women Fragrance","YVES SAINT LAURENT","Black Opium NEON 75ML EDP","3614272824973","6600","https://mazaya.eg/en/black-opium-neon-75ml-edp","https://www.mazaya.eg/media/catalog/product/3/6/3614272824973.jpg?store=en&image-type=small_image"
"Women Fragrance","YVES SAINT LAURENT","YSL LIBRE EDP REFILL BOTTLE 100ML","3614273941136","6200","https://mazaya.eg/en/ysl-libre-edp-refill-bottle-100ml","https://www.mazaya.eg/media/catalog/product/y/s/ysl_dmi_fraw_libre_edp_packshot_refill-100ml_front_3614273941136_cmyk_2.jpg?store=en&image-type=small_image"
"Women Fragrance","YVES SAINT LAURENT","YSL LIBRE ABSOLU PLATINE","YSL LIBRE ABSOLU PLATINE","9500","https://mazaya.eg/en/ysl-libre-absolu-platine","https://www.mazaya.eg/media/catalog/product/y/s/ysl_dmi_fraw_libre_l_absolu-platine-23_content-that-sells_bottle-pack_50_90ml_arina_light-with-product_focus-on-hand_portrait_1080x1920px_rgb_2.jpg?store=en&image-type=small_image"
"Women Fragrance","YVES SAINT LAURENT","Black Opium Eau de Parfum","Yves Saint Laurent BLACK OPIUM EDP","10000","https://mazaya.eg/en/yves-saint-laurent-black-opium-edp12344","https://www.mazaya.eg/media/catalog/product/g/n/gnhb2xxmymeiiisaszcv48lnyi3ubezcu6rqhpnj_1_1_1.jpeg?store=en&image-type=small_image"
"Women Fragrance","YVES SAINT LAURENT","Mon Paris Eau de Parfum","Yves Saint Laurent Mon Paris Women EDP","9400","https://mazaya.eg/en/yves-saint-laurent-mon-paris-women-edp12344","https://www.mazaya.eg/media/catalog/product/3/6/3614270561634_2_1_1.jpg?store=en&image-type=small_image"
"Women Fragrance","YVES SAINT LAURENT","Mon Paris Women Eau de Parfum - 90ML","3614270561634","9400","https://mazaya.eg/en/yves-saint-laurent-mon-paris-women-edp-90-ml","https://www.mazaya.eg/media/catalog/product/3/6/3614270561634_2_2.jpg?store=en&image-type=small_image"
"Women Fragrance","POLICE","RICH GIRL FOR WOMAN EDP 100ML VAPO","679602001397","2420","https://mazaya.eg/en/rich-girl-for-woman-edp-100ml-vapo","https://www.mazaya.eg/media/catalog/product/p/o/police_rich_girl_100ml_v2.png?store=en&image-type=small_image"
"Women Fragrance","POLICE","MISS BOUQUET EDT 100 ML VAPO","679602501101","1320","https://mazaya.eg/en/miss-bouquet-edt-100-ml-vapo","https://www.mazaya.eg/media/catalog/product/6/7/679602501101.png?store=en&image-type=small_image"
"Women Fragrance","POLICE","HOT PINK EDT 100 ML","679602581103","1320","https://mazaya.eg/en/hot-pink-edt-100-ml","https://www.mazaya.eg/media/catalog/product/p/o/police_hotpink_edt_100ml_rgb555.png?store=en&image-type=small_image"
"Women Fragrance","POLICE","POLICE AMBER GOLD FOR WOMAN EAU DE TOILETTE 100 ML VAPO","679602541107","1320","https://mazaya.eg/en/police-amber-gold-for-woman-eau-de-toilette-100-ml-vapo","https://www.mazaya.eg/media/catalog/product/6/7/679602541107-1.jpg?store=en&image-type=small_image"
"Women Fragrance","POLICE","POLICE CONTEMPORARY EXTREME EAU DE TOILETTE 100 ml VAPO","679602201018","1320","https://mazaya.eg/en/contemporary-extreme-eau-de-toilette-100-ml","https://www.mazaya.eg/media/catalog/product/6/7/679602201018_e7lz2i4f1wmknqce.jpg?store=en&image-type=small_image"
"Women Fragrance","POLICE","Police Police Dark For Women - Eau de Toilette","Police Police Dark For Women - Eau de Toilette","1320","https://mazaya.eg/en/police-police-dark-for-women-eau-de-toilette","https://www.mazaya.eg/media/catalog/product/4/2/42f4691e-f408-4a50-88a9-ac46ab73455a_1.jpg?store=en&image-type=small_image"
"Women Fragrance","POLICE","Police Passion For Women","Police Passion For Women","1320","https://mazaya.eg/en/police-passion-for-women","https://www.mazaya.eg/media/catalog/product/4/3/438c41900a80acabb3ef197f0559a9eb_images_mini_1.jpg?store=en&image-type=small_image"
"Women Fragrance","Prada","Candy EDP 80ml","8435137727087","9200","https://mazaya.eg/en/candy-edp-80ml","https://www.mazaya.eg/media/catalog/product/8/4/8435137727087.png?store=en&image-type=small_image"
"Women Fragrance","Prada","LUNA ROSSA LE PARFUM ","LUNA ROSSA LE PARFUM","7200","https://mazaya.eg/en/luna-rossa-le-parfum","https://www.mazaya.eg/media/catalog/product/1/_/1_20_3.jpg?store=en&image-type=small_image"
"Women Fragrance","Prada","PARADOXE EAU DE PARFUM VIRTUAL FLOWER","PARADOXE EAU DE PARFUM VIRTUAL FLOWER","8000","https://mazaya.eg/en/paradoxe-eau-de-parfum-virtual-flower","https://www.mazaya.eg/media/catalog/product/1/_/1_20_2.jpg?store=en&image-type=small_image"
"Women Fragrance","Prada","PARADOXE EAU DE PARFUM INTENSE ","PARADOXE EAU DE PARFUM INTENSE","8000","https://mazaya.eg/en/paradoxe-eau-de-parfum-intense","https://www.mazaya.eg/media/catalog/product/1/_/1_20_1.jpg?store=en&image-type=small_image"
"Women Fragrance","Prada","PARADOXE EAU DE PARFUM REFILL 100 ML","3614273760201","6500","https://mazaya.eg/en/paradoxe-eau-de-parfum-refill-100-ml","https://www.mazaya.eg/media/catalog/product/1/_/1_4_3.png?store=en&image-type=small_image"
"Women Fragrance","Prada","PARADOXE EAU DE PARFUM","PARADOXE EAU DE PARFUM","7800","https://mazaya.eg/en/paradoxe-eau-de-parfum","https://www.mazaya.eg/media/catalog/product/5/_/5_1_5.jpg?store=en&image-type=small_image"
"Women Fragrance","Prada","PARADOXE ESSENCE 90ML","3614274305401","11000","https://mazaya.eg/en/paradoxe-essence-90ml","https://www.mazaya.eg/media/catalog/product/3/6/3614274305401_2_.png?store=en&image-type=small_image"
"Women Fragrance","Prada","CANDY FLORALE","8435137738991","2270","https://mazaya.eg/en/prada-candy-florale","https://www.mazaya.eg/media/catalog/product/8/4/8435137738991.jpg?store=en&image-type=small_image"
"Women Fragrance","ARMAF","CLUB DE NUIT MILESTONE - 105ML WOMEN","6294015132120","3575","https://mazaya.eg/en/club-de-nuit-milestone-105ml-women","https://www.mazaya.eg/media/catalog/product/6/2/6294015132120-1.png?store=en&image-type=small_image"
"Women Fragrance","ARMAF","ODYSSEY DXB CHOCOLAT 100ML","6295199804360","1815","https://mazaya.eg/en/odyssey-dxb-chocolat-100ml","https://www.mazaya.eg/media/catalog/product/c/h/chocolat--gourmand-edition-100-ml-edp-bottle-back.jpg?store=en&image-type=small_image"
"Women Fragrance","ARMAF","YUMYUM 100ML","6295199800959","2805","https://mazaya.eg/en/yumyum-100ml","https://www.mazaya.eg/media/catalog/product/y/u/yum-yum-bottle-front-angle.jpg?store=en&image-type=small_image"
"Women Fragrance","ARMAF","DELIGHT ISLAND BLISS 100ML","6295199800942","2805","https://mazaya.eg/en/delight-island-bliss-100ml","https://www.mazaya.eg/media/catalog/product/i/s/island-bliss-bottle-front-angle.jpg?store=en&image-type=small_image"
"Women Fragrance","ARMAF","CLUB DE NUIT MALEKA 105ML","6295199801116","2805","https://mazaya.eg/en/club-de-nuit-maleka-105ml","https://www.mazaya.eg/media/catalog/product/6/2/6295199801116.png?store=en&image-type=small_image"
"Women Fragrance","ARMAF","CLUB DE NUIT WOMEN-105ML","6085010094151","2310","https://mazaya.eg/en/club-de-nuit-women-105ml","https://www.mazaya.eg/media/catalog/product/c/d/cdn_women_105ml_bottle-2_copy.jpg?store=en&image-type=small_image"
"Women Fragrance","JEAN PAUL GAULTIER","SCANDAL RE24 HER PARFUM","SCANDAL RE24 HER PARFUM","7500","https://mazaya.eg/en/scandal-re24-her-parfum","https://www.mazaya.eg/media/catalog/product/8/4/8435415080422_1_1.jpg?store=en&image-type=small_image"
"Women Fragrance","JEAN PAUL GAULTIER","SCANDAL RE24 HER PARFUM 80ML","8435415080422","10400","https://mazaya.eg/en/scandal-re24-her-parfum-80ml","https://www.mazaya.eg/media/catalog/product/8/4/8435415080422.jpg?store=en&image-type=small_image"
"Women Fragrance","JEAN PAUL GAULTIER","Scandal Intense Women","Scandal Intense Women","6800","https://mazaya.eg/en/scandal-intense-women","https://www.mazaya.eg/media/catalog/product/s/c/scandal_intense_women_11.png?store=en&image-type=small_image"
"Women Fragrance","JEAN PAUL GAULTIER","LA BELLE EDP 100ML","8435415017244","8600","https://mazaya.eg/en/la-belle-edp-100ml","https://www.mazaya.eg/media/catalog/product/8/4/8435415017244.png?store=en&image-type=small_image"
"Women Fragrance","JEAN PAUL GAULTIER","EDT 100ML XMAS COLLECTOR HD23","8435415081184","4500","https://mazaya.eg/en/edt-100ml-xmas-collector-hd23","https://www.mazaya.eg/media/catalog/product/8/4/8435415081184_twmqs2w98qvkwwz0.jpg?store=en&image-type=small_image"
"Women Fragrance","JEAN PAUL GAULTIER","JPG SO SCANDAL!  EDP 80ML","8435415058346","6500","https://mazaya.eg/en/jpg-so-scandal-edp-80ml","https://www.mazaya.eg/media/catalog/product/j/e/jean-paul-gaultier-ladies-so-scandal-edp-spray-27-oz-fragrances-8435415058346.jpg?store=en&image-type=small_image"
"Women Fragrance","JEAN PAUL GAULTIER","JPG SCANDAL LE PARFUM 22 HER EDP","JPG SCANDAL LE PARFUM 22 HER EDP","9500","https://mazaya.eg/en/jpg-scandal-le-parfum-22-her-edp","https://www.mazaya.eg/media/catalog/product/j/e/jean-paul-gaultier-ladies-scandal-le-parfum-edp-1-7-oz-fragrances-8435415050753.jpg?store=en&image-type=small_image"
"Women Fragrance","PACO RABANNE","OLYMPEA Intense ABSOLU 80ML","3349668641772","9000","https://mazaya.eg/en/olympea-intense-absolu-80ml","https://www.mazaya.eg/media/catalog/product/3/3/3349668641772_1_.png?store=en&image-type=small_image"
"Women Fragrance","PACO RABANNE","OLYMPEA EDP 80ML","3349668612635","5900","https://mazaya.eg/en/olympea-edp-80ml","https://www.mazaya.eg/media/catalog/product/3/3/3349668612635_sz8wcnstfljcju0e.png?store=en&image-type=small_image"
"Women Fragrance","PACO RABANNE","MILLION FOR HER EDP REFILLABLE","MILLION FOR HER EDP REFILLABLE","6900","https://mazaya.eg/en/million-for-her-edp-refillable","https://www.mazaya.eg/media/catalog/product/3/3/3349668630257_1.jpg?store=en&image-type=small_image"
"Women Fragrance","PACO RABANNE","OLYMPEA RE 2024 PARFUM","OLYMPEA RE 2024 PARFUM","5200","https://mazaya.eg/en/olympea-re-2024-parfum","https://www.mazaya.eg/media/catalog/product/3/3/3349668627479_2.jpg?store=en&image-type=small_image"
"Women Fragrance","PACO RABANNE","FAME RE 24 INTENSE REFILLABLE","3349668630448","6200","https://mazaya.eg/en/p-rabanne-fame-re-24-intense-refillable","https://www.mazaya.eg/media/catalog/product/3/3/3349668630448--.jpeg?store=en&image-type=small_image"
"Women Fragrance","PACO RABANNE","Paco Rabanne Lady Million EDP for Woman","Paco Rabanne Lady Million EDP for Woman","7700","https://mazaya.eg/en/paco-rabanne-lady-million-edp-for-woman","https://www.mazaya.eg/media/catalog/product/3/3/3349668508587_1.jpg?store=en&image-type=small_image"
"Women Fragrance","PACO RABANNE","Lady Million Eau de Parfum-80 ML","3349668508587","7700","https://mazaya.eg/en/paco-rabanne-lady-million-edp-for-woman-80-ml","https://www.mazaya.eg/media/catalog/product/3/3/3349668508587.jpg?store=en&image-type=small_image"
"Women Fragrance","MONTALE","ROSES MUSK 100 ML","3760260450003","10120","https://mazaya.eg/en/roses-musk-100-ml","https://www.mazaya.eg/media/catalog/product/3/7/3760260450003_1_.jpg?store=en&image-type=small_image"
"Women Fragrance","MONTALE","WHITE MUSK 100 ML","3760260453707","8415","https://mazaya.eg/en/white-musk-100-ml","https://www.mazaya.eg/media/catalog/product/3/7/3760260453707.jpg?store=en&image-type=small_image"
"Women Fragrance","MONTALE","PURE GOLD 100ML","3052110780379","6985","https://mazaya.eg/en/pure-gold-100ml","https://www.mazaya.eg/media/catalog/product/p/u/pure_gold_100ml.png?store=en&image-type=small_image"
"Women Fragrance","ELIE SAAB","LE PARFUM ABSOLU EDP 90ML","7640233342756","7590","https://mazaya.eg/en/le-parfum-absolu-edp-90ml","https://www.mazaya.eg/media/catalog/product/7/6/7640233342756_3_.jpg?store=en&image-type=small_image"
"Women Fragrance","ELIE SAAB","ES ELIXIR LOVE EDP 100ML","7640233342053","10120","https://mazaya.eg/en/es-elixir-love-edp-100ml","https://www.mazaya.eg/media/catalog/product/5/7/57668ae5-82fa-4121-bff5-2fd8e26b7f7f.jpg?store=en&image-type=small_image"
"Women Fragrance","ELIE SAAB","ES ELIXIR EDP 100ML","7640233341414","9075","https://mazaya.eg/en/es-elixir-edp-100ml","https://www.mazaya.eg/media/catalog/product/e/l/elie_saab-elixir-edp-for-women-100ml-pic2.jpg?store=en&image-type=small_image"
"Women Fragrance","ELIE SAAB","GIRL OF NOW LOVELY EDP","GIRL OF NOW LOVELY EDP","6325","https://mazaya.eg/en/girl-of-now-lovely-edp","https://www.mazaya.eg/media/catalog/product/e/l/elie_saab_girl_of_now_lovely_edp_50ml_-_pic1_2.jpg?store=en&image-type=small_image"
"Women Fragrance","ELIE SAAB","Girl of Now EDP 90 ml","7640233340196","7095","https://mazaya.eg/en/girl-of-now-edp-90-ml","https://www.mazaya.eg/media/catalog/product/e/l/elie_saab_girl_of_now_edp_50ml_-_pic1.jpg?store=en&image-type=small_image"
"Women Fragrance","ELIE SAAB","Le Parfum EDP","Le Parfum EDP","9200","https://mazaya.eg/en/le-parfum-edp","https://www.mazaya.eg/media/catalog/product/e/l/elie_saab_le_parfum_eau_de_parfum_spray_90_ml_7640233340035_232217_20220110084249_1.jpg?store=en&image-type=small_image"
"Women Fragrance","ELIE SAAB","LE PARFUM LUMIERE EDP 90 ML","7640233340721","9075","https://mazaya.eg/en/le-parfum-lumiere-edp-90-ml","https://www.mazaya.eg/media/catalog/product/e/l/elie-saab-le-parfum-lumiere-edp-90ml-01.jpg?store=en&image-type=small_image"
"Women Fragrance","ELIE SAAB","Le Parfum EDP-90 ML","3423470398021","9200","https://mazaya.eg/en/le-parfum-edp-90-ml","https://www.mazaya.eg/media/catalog/product/3/4/3423470398021_1.jpg?store=en&image-type=small_image"
"Women Fragrance","ELIE SAAB","Girl of Now Eau de Parfum","ELIE SAAB GIRL OF NOW EDP EDP","8600","https://mazaya.eg/en/elie-saab-girl-of-now-edp-edp","https://www.mazaya.eg/media/catalog/product/e/l/elie_saab_girl_of_now_edp_50ml_-_pic1_1.jpg?store=en&image-type=small_image"
"Women Fragrance","ELIE SAAB","GIRL OF NOW SHINE EDP","GIRL OF NOW SHINE EDP","6325","https://mazaya.eg/en/girl-of-now-shine-edp","https://www.mazaya.eg/media/catalog/product/e/l/elie_saab_girl_of_now_shine_edp_50ml_-_pic1_2.jpg?store=en&image-type=small_image"
"Women Fragrance","ELIE SAAB","GIRL OF NOW FOREVER EDP","Elie Saab GIRL OF NOW FOREVER EDP","6325","https://mazaya.eg/en/elie-saab-girl-of-now-forever-edp","https://www.mazaya.eg/media/catalog/product/e/l/elie_saab_girl_of_now_forever_edp_50ml_-_pic1_2.jpg?store=en&image-type=small_image"
"Women Fragrance","ELIE SAAB","LE PARFUM LUMIERE EDP 50 ML","7640233340714","6600","https://mazaya.eg/en/le-parfum-lumiere-edp-50-ml","https://www.mazaya.eg/media/catalog/product/2/9/293186755-1.jpg?store=en&image-type=small_image"
"Women Fragrance","ELIE SAAB","Le Parfum Royal Eau de Parfum","Le Parfum Royal EDP","9220","https://mazaya.eg/en/le-parfum-royal-edp","https://www.mazaya.eg/media/catalog/product/e/l/elie_saab_le_parfum_royal_edp_90ml_unboxed__49333.1607936029.1280.1280_1.jpg?store=en&image-type=small_image"
"Women Fragrance","AJMAL","LOVE ADDICT EAU DE PARFUM 100 ML","6293708021635","1320","https://mazaya.eg/en/love-addict-eau-de-parfum-100-ml","https://www.mazaya.eg/media/catalog/product/6/2/6293708021635_2_.png?store=en&image-type=small_image"
"Women Fragrance","AJMAL","RAINDROPS FLEUR INTENSE EDP 100 ML","6293708021628","1320","https://mazaya.eg/en/raindrops-fleur-intense-edp-100-ml","https://www.mazaya.eg/media/catalog/product/6/2/6293708021628.png?store=en&image-type=small_image"
"Women Fragrance","AJMAL","MAGNOLIA DREAMS EAU DE PARFUM 100 ML","6293708021611","1320","https://mazaya.eg/en/magnolia-dreams-eau-de-parfum-100-ml","https://www.mazaya.eg/media/catalog/product/6/2/6293708021611_2__1.png?store=en&image-type=small_image"
"Women Fragrance","AJMAL","RUBY BLOSSOM EDP","6293708019793","1570","https://mazaya.eg/en/ruby-blossom-edp","https://www.mazaya.eg/media/catalog/product/6/2/6293708019793_1.jpg?store=en&image-type=small_image"
"Women Fragrance","AJMAL","ELEGANCIA EAU DE PARFUM","6293708020188","1595","https://mazaya.eg/en/elegancia-eau-de-parfum","https://www.mazaya.eg/media/catalog/product/e/l/elegancia.jpg?store=en&image-type=small_image"
"Women Fragrance","AJMAL","SACARD LOVE WOM 50 ML","6293708001798","1080","https://mazaya.eg/en/sacard-love-wom-50-ml","https://www.mazaya.eg/media/catalog/product/s/a/sacred_love1.jpg?store=en&image-type=small_image"
"Women Fragrance","AJMAL","EVOKE MIDNIGHT HER EDP","6293708019502","2640","https://mazaya.eg/en/evoke-midnight-her-edp","https://www.mazaya.eg/media/catalog/product/e/v/evoke_midnight_edition.jpg?store=en&image-type=small_image"
"Women Fragrance","AJMAL","RENATA II  EAU DE PARFUM 75 ML","6293708014651","1185","https://mazaya.eg/en/renata-ii-eau-de-parfum-75-ml","https://www.mazaya.eg/media/catalog/product/6/2/6293708014651.jpg?store=en&image-type=small_image"
"Women Fragrance","AJMAL","AMAZE HER EAU DE PARFUM 75 ML","6293708015634","2180","https://mazaya.eg/en/amaze-her-eau-de-parfum-75-ml","https://www.mazaya.eg/media/catalog/product/6/2/6293708015634.jpg?store=en&image-type=small_image"
"Women Fragrance","AJMAL","MY WONDER EAU DE PARFUM 85 ML","6293708015672","2755","https://mazaya.eg/en/my-wonder-eau-de-parfum-85-ml","https://www.mazaya.eg/media/catalog/product/m/y/my_wonder_1.jpg?store=en&image-type=small_image"
"Women Fragrance","AJMAL","WISAL LAYL EAU DE PARFUM 50 ML","6293708018758","4620","https://mazaya.eg/en/wisal-layl-eau-de-parfum-50-ml","https://www.mazaya.eg/media/catalog/product/w/i/wisal_layl.jpg?store=en&image-type=small_image"
"Women Fragrance","AJMAL","SHADOW ICE EAU DE PARFUM 75 ML","6293708018765","2260","https://mazaya.eg/en/shadow-ice-eau-de-parfum-75-ml","https://www.mazaya.eg/media/catalog/product/s/h/shadow_ice.jpg?store=en&image-type=small_image"
"Women Fragrance","AJMAL","Shine Eau De Parfum Spray","AJMAL Shine Eau de Parfum Spray","1705","https://mazaya.eg/en/ajmal-shine-eau-de-parfum-spray12","https://www.mazaya.eg/media/catalog/product/6/2/6293708009893_1.jpg?store=en&image-type=small_image"
"Women Fragrance","AJMAL","Evoke Silver Edition Female Eau de Parfum","Ajmal Evoke Silver Edition Female","2180","https://mazaya.eg/en/ajmal-evoke-silver-edition-female12","https://www.mazaya.eg/media/catalog/product/6/2/6293708009145_1.jpg?store=en&image-type=small_image"
"Women Fragrance","AJMAL","Shiro Eau De Parfum","AJMAL SHIRO EAU DE PARFUM","2180","https://mazaya.eg/en/ajmal-shiro-eau-de-parfum12","https://www.mazaya.eg/media/catalog/product/6/2/6293708011186_1.jpg?store=en&image-type=small_image"
"Women Fragrance","AJMAL","Incense Wood Eau de Parfum","AJMAL INCENSE WOOD  EDP","8210","https://mazaya.eg/en/ajmal-incense-wood-edp12","https://www.mazaya.eg/media/catalog/product/6/2/6293708012220_1.jpg?store=en&image-type=small_image"
"Women Fragrance","AJMAL","Patchouli Wood Eau De Parfum","PATCHOULI WOOD EAU DE PARFUM","8485","https://mazaya.eg/en/patchouli-wood-eau-de-parfum12","https://www.mazaya.eg/media/catalog/product/6/2/6293708008612_1.jpg?store=en&image-type=small_image"
"Women Fragrance","AJMAL","Rose Wood Eau de Parfum","AJMAL ROSE WOOD EDP","8760","https://mazaya.eg/en/ajmal-rose-wood-edp12","https://www.mazaya.eg/media/catalog/product/6/2/6293708007776_1.jpg?store=en&image-type=small_image"
"Women Fragrance","AJMAL","Amber Musc Eau de Parfum","AJMAL AMBER MUSC EDP","6160","https://mazaya.eg/en/ajmal-amber-musc-edp12","https://www.mazaya.eg/media/catalog/product/6/2/6293708007486_1.jpg?store=en&image-type=small_image"
"Women Fragrance","AJMAL","Violet Musc Eau de Parfum","AJMAL VIOLET MUSC EDP","6160","https://mazaya.eg/en/ajmal-violet-musc-edp12","https://www.mazaya.eg/media/catalog/product/6/2/6293708007462_1.jpg?store=en&image-type=small_image"
"Women Fragrance","AJMAL","Cerise Eau de Parfum","AJMAL CERISE EDP","2180","https://mazaya.eg/en/ajmal-cerise-edp12","https://www.mazaya.eg/media/catalog/product/6/2/6293708007356_1.jpg?store=en&image-type=small_image"
"Women Fragrance","AJMAL","Wisal Gold Eau de Parfum","AJMAL WISAL GOLD","2805","https://mazaya.eg/en/ajmal-wisal-gold12","https://www.mazaya.eg/media/catalog/product/6/2/6293708007295_1.jpg?store=en&image-type=small_image"
"Women Fragrance","AJMAL","Sandal Wood Eau de Parfum","AJMAL SANDAL WOOD","8760","https://mazaya.eg/en/ajmal-sandal-wood12","https://www.mazaya.eg/media/catalog/product/6/2/6293708006755_1.jpg?store=en&image-type=small_image"
"Women Fragrance","AJMAL","Hatkora Wood Eau de Parfum","AJMAL HATKORA WOOD EDP","8760","https://mazaya.eg/en/ajmal-hatkora-wood-edp12","https://www.mazaya.eg/media/catalog/product/6/2/6293708006748.jpg?store=en&image-type=small_image"
"Women Fragrance","AJMAL","Ajmal Silver Shade-100 ML","6293708005352","1485","https://mazaya.eg/en/ajmal-silver-shade-100-ml","https://www.mazaya.eg/media/catalog/product/s/i/silvershade_edp_100ml_1.jpg?store=en&image-type=small_image"
"Women Fragrance","AJMAL","Aurum Eau de Parfum","Ajmal Aurum","2730","https://mazaya.eg/en/ajmal-aurum12","https://www.mazaya.eg/media/catalog/product/5/3/538881290aurum-bolt_1.jpg?store=en&image-type=small_image"
"Women Fragrance","AJMAL","RAIN DROPS WOMAN 50 ML","6293708001712","935","https://mazaya.eg/en/ajmal-raindrops","https://www.mazaya.eg/media/catalog/product/r/a/raindrops_edp_50ml_1.jpg?store=en&image-type=small_image"
"Women Fragrance","AJMAL","MIZYAAN BODY SPRAY 200 ML","6293708010349","250","https://mazaya.eg/en/mizyaan-body-spray-200-ml","https://www.mazaya.eg/media/catalog/product/m/i/mizyaan-1.jpg?store=en&image-type=small_image"
"Women Fragrance","AJMAL","AATIFA BODY SPRAY 200 ML","6293708010332","250","https://mazaya.eg/en/aatifa-body-spray-200-ml","https://www.mazaya.eg/media/catalog/product/a/a/aatifa1.jpg?store=en&image-type=small_image"
"Women Fragrance","AJMAL","CERISE  DEO 200 ML","6293708008865","210","https://mazaya.eg/en/cerise-deo-200-ml","https://www.mazaya.eg/media/catalog/product/6/2/6293708008865.jpg?store=en&image-type=small_image"
"Women Fragrance","AJMAL","WISAL Dahab DEO 200 ML","6293708007929","250","https://mazaya.eg/en/wisal-dahab-deo-200-ml","https://www.mazaya.eg/media/catalog/product/6/2/6293708007929.jpg?store=en&image-type=small_image"
"Women Fragrance","AJMAL","RAIN DROBS DEO 200 ML","6293708006960","210","https://mazaya.eg/en/rain-drobs-deo-200-ml","https://www.mazaya.eg/media/catalog/product/6/2/6293708006960.jpg?store=en&image-type=small_image"
"Women Fragrance","AJMAL","SACERFACE FOR HIR DEO 200 ML","6293708006946","210","https://mazaya.eg/en/sacerface-for-hir-deo-200-ml","https://www.mazaya.eg/media/catalog/product/s/a/sacrifice_for_her_.jpg?store=en&image-type=small_image"
"Women Fragrance","AJMAL","SHADOW FOR HIR DEO 200 ML","6293708006939","210","https://mazaya.eg/en/shadow-for-hir-deo-200-ml","https://www.mazaya.eg/media/catalog/product/6/2/6293708006939.jpg?store=en&image-type=small_image"
"Women Fragrance","AJMAL","AURUM DEO 200 ML","6293708006922","250","https://mazaya.eg/en/aurum-deo-200-ml","https://www.mazaya.eg/media/catalog/product/a/u/aurum.jpg?store=en&image-type=small_image"
"Women Fragrance","AJMAL","CARBON DEO 200 ML","6293708006885","210","https://mazaya.eg/en/carbon-deo-200-ml","https://www.mazaya.eg/media/catalog/product/c/a/carbon1_2_.png?store=en&image-type=small_image"
"Women Fragrance","AJMAL","Blu Femme Eau de Parfum","Ajmal Blu Femme EDP","2315","https://mazaya.eg/en/ajmal-blu-femme-edp12","https://www.mazaya.eg/media/catalog/product/6/2/6293708009398_1.jpg?store=en&image-type=small_image"
"Women Fragrance","AJMAL","Alia Eau de Parfum","AJMAL ALIA EDP","2540","https://mazaya.eg/en/ajmal-alia-edp12","https://www.mazaya.eg/media/catalog/product/6/2/6293708008667_1.jpg?store=en&image-type=small_image"
"Women Fragrance","AJMAL","Evoke Gold for Her Eau de Parfum","AJMAL EVOKE GOLD HER EAU DE PARFUM","2640","https://mazaya.eg/en/ajmal-evoke-gold-her-eau-de-parfum","https://www.mazaya.eg/media/catalog/product/6/2/6293708011278_1.jpg?store=en&image-type=small_image"
"Women Fragrance","AJMAL","Amber Santal Eau de Parfum","AJMAL AMBER SANTAL EDP","6820","https://mazaya.eg/en/ajmal-amber-santal-edp12","https://www.mazaya.eg/media/catalog/product/6/2/6293708012688_1.jpg?store=en&image-type=small_image"
"Women Fragrance","AJMAL","Senora Eau de Parfum","AJMAL SENORA EDP","1355","https://mazaya.eg/en/ajmal-senora-edp12","https://www.mazaya.eg/media/catalog/product/6/2/6293708008261_1.jpg?store=en&image-type=small_image"
"Women Fragrance","AJMAL","Cuir Musc Eau de Parfum","AJMAL CUIR MUSC EDP","5900","https://mazaya.eg/en/ajmal-cuir-musc-edp12","https://www.mazaya.eg/media/catalog/product/6/2/6293708007479_1_1.jpg?store=en&image-type=small_image"
"Women Fragrance","AJMAL","Enigma","AJMAL Enigma","1165","https://mazaya.eg/en/ajmal-enigma12","https://www.mazaya.eg/media/catalog/product/4/1/411_yxsa9ll._sr600_315_sclzzzzzzz__1.jpg?store=en&image-type=small_image"
"Women Fragrance","AJMAL","Believe","AJMAL Believe","7725","https://mazaya.eg/en/ajmal-believe12","https://www.mazaya.eg/media/catalog/product/5/3/532bffdbad2b594729000da1_1.jpg?store=en&image-type=small_image"
"Women Fragrance","Amouage","Reasons Essence De Parfum  100ML","701666411048","26150","https://mazaya.eg/en/reasons-essence-de-parfum-100ml","https://www.mazaya.eg/media/catalog/product/7/0/701666411048-2.png?store=en&image-type=small_image"
"Women Fragrance","Amouage","Outlands Essence De Parfum 100 ML","701666411284","26150","https://mazaya.eg/en/outlands-essence-de-parfum-100-ml","https://www.mazaya.eg/media/catalog/product/7/0/701666411055-4.png?store=en&image-type=small_image"
"Women Fragrance","Amouage","Opus XIV Royal Tobacco EDP 100 ML","701666410591","21750","https://mazaya.eg/en/opus-xiv-royal-tobacco-edp-100-ml","https://www.mazaya.eg/media/catalog/product/7/0/701666410591-2.png?store=en&image-type=small_image"
"Women Fragrance","Amouage","Love Delight EDP  100 ML","701666410973","21750","https://mazaya.eg/en/love-delight-edp-100-ml","https://www.mazaya.eg/media/catalog/product/7/0/701666410973-removebg-preview.png?store=en&image-type=small_image"
"Women Fragrance","Amouage","Purpose 100ml EDP","701666410430","21750","https://mazaya.eg/en/purpose-100ml-edp-1","https://www.mazaya.eg/media/catalog/product/7/0/70166410430_1_1.jpg?store=en&image-type=small_image"
"Women Fragrance","Amouage","Lustre Essence De Parfum 100 ML","701666411031","26150","https://mazaya.eg/en/lustre-essence-de-parfum-100-ml","https://www.mazaya.eg/media/catalog/product/7/0/701666411031-5.png?store=en&image-type=small_image"
"Women Fragrance","Amouage","Lilac Love EDP 100 ML","701666411000","21750","https://mazaya.eg/en/lilac-love-edp-100-ml","https://www.mazaya.eg/media/catalog/product/7/0/701666411000-4.png?store=en&image-type=small_image"
"Women Fragrance","Amouage","Existence EDP 100 ML","701666411178","21750","https://mazaya.eg/en/existence-edp-i00-ml","https://www.mazaya.eg/media/catalog/product/7/0/701666411178-5.png?store=en&image-type=small_image"
"Women Fragrance","Amouage","Decision EDP 100 ML","701666411185","21750","https://mazaya.eg/en/decision-edp-100-ml","https://www.mazaya.eg/media/catalog/product/7/0/701666411185-7.png?store=en&image-type=small_image"
"Women Fragrance","Amouage","Blossom Love EDP  100 ML","701666411017","21750","https://mazaya.eg/en/blossom-love-edp-100-ml","https://www.mazaya.eg/media/catalog/product/7/0/701666411017-removebg-preview.png?store=en&image-type=small_image"
"Women Fragrance","Amouage","Epic Woman 56 Extrait 100 ML","701666410720","30250","https://mazaya.eg/en/epic-woman-56-extrait-100-ml","https://www.mazaya.eg/media/catalog/product/7/0/701666410720.jpg?store=en&image-type=small_image"
"Women Fragrance","Amouage","Honour Woman 43 Extrait 100 ML","701666410713","30250","https://mazaya.eg/en/honour-woman-43-extrait-100-ml","https://www.mazaya.eg/media/catalog/product/7/0/701666410713.jpg?store=en&image-type=small_image"
"Women Fragrance","Amouage","Dia 40 Woman","701666410959","30250","https://mazaya.eg/en/dia-40-woman","https://www.mazaya.eg/media/catalog/product/7/0/701666410959_2__1_1.jpg?store=en&image-type=small_image"
"Women Fragrance","Amouage","Love Tuberose Woman 100ml EDP","701666410621","21750","https://mazaya.eg/en/love-tuberose-woman-100ml-edp","https://www.mazaya.eg/media/catalog/product/7/0/701666410621_1.png?store=en&image-type=small_image"
"Women Fragrance","Amouage","Dia Woman 100ml EDP","701666410041","21750","https://mazaya.eg/en/dia-woman-100ml-edp","https://www.mazaya.eg/media/catalog/product/7/0/701666410041_1.jpg?store=en&image-type=small_image"
"Women Fragrance","Dolce&Gabbana ","The One Man EDP Intense","The One Man EDP Intense","6700","https://mazaya.eg/en/the-one-man-edp-intense","https://www.mazaya.eg/media/catalog/product/8/0/8057971181568.png?store=en&image-type=small_image"
"Women Fragrance","Dolce&Gabbana ","Q by Dolce and Gabbana Intense","Q by Dolce and Gabbana Intense","6900","https://mazaya.eg/en/q-by-dolce-and-gabbana-intense","https://www.mazaya.eg/media/catalog/product/q/_/q_by_dolce_and_gabbana_intense.png?store=en&image-type=small_image"
"Women Fragrance","Dolce&Gabbana ","The Only One women EDP 100ml","8057971184910","10600","https://mazaya.eg/en/the-only-one-women-edp-100ml","https://www.mazaya.eg/media/catalog/product/t/h/the_only_one_women_edp_100ml.jpg?store=en&image-type=small_image"
"Women Fragrance","Dolce&Gabbana ","DEVOTION EDP","DEVOTION EDP","6600","https://mazaya.eg/en/devotion-edp","https://www.mazaya.eg/media/catalog/product/8/0/8057971183739_2_.jpg?store=en&image-type=small_image"
"Women Fragrance","Dolce&Gabbana ","Q by Dolce&Gabbana EDP","Q by Dolce&Gabbana EDP","6400","https://mazaya.eg/en/q-by-dolce-gabbana-edp","https://www.mazaya.eg/media/catalog/product/q/_/q_by_dolce_gabbana_edp.jpg?store=en&image-type=small_image"
"Women Fragrance","Dolce&Gabbana ","K EDT","K EDT","4900","https://mazaya.eg/en/k-edt","https://www.mazaya.eg/media/catalog/product/8/0/8057971181544_1_.jpg?store=en&image-type=small_image"
"Women Fragrance","Dolce&Gabbana ","The one gold EDP intense","The one gold EDP intense","7600","https://mazaya.eg/en/the-one-gold-edp-intense","https://www.mazaya.eg/media/catalog/product/8/0/8057971188673_5__1.png?store=en&image-type=small_image"
"Women Fragrance","Dolce&Gabbana ","The Only One Women intense EDP intense","The Only One Women intense EDP intense","8400","https://mazaya.eg/en/the-only-one-women-intense-edp-intense","https://www.mazaya.eg/media/catalog/product/t/h/the_only_one_women_intense_edp_intense.jpg?store=en&image-type=small_image"
"Women Fragrance","Dolce&Gabbana ","The One Man EDP","The One Man EDP","10400","https://mazaya.eg/en/the-one-man-edp","https://www.mazaya.eg/media/catalog/product/t/h/the_one_man_edp.jpg?store=en&image-type=small_image"
"Women Fragrance","BOSS","Hugo Boss Ladies Alive Parfum","Hugo Boss Ladies Alive Parfum","5900","https://mazaya.eg/en/hugo-boss-ladies-alive-parfum","https://www.mazaya.eg/media/catalog/product/3/6/3616304252921.jpg?store=en&image-type=small_image"
"Women Fragrance","BOSS","Hugo Boss Ladies Alive Intense EDP 80ML","3616302968244","6550","https://mazaya.eg/en/hugo-boss-ladies-alive-intense-edp-80ml","https://www.mazaya.eg/media/catalog/product/3/6/3616302968244.jpg?store=en&image-type=small_image"
"Women Fragrance","BOSS","SCENT REV W RG PRFM 50 ML 21V","3616302681105","5600","https://mazaya.eg/en/scent-rev-w-rg-prfm-50-ml-21v","https://www.mazaya.eg/media/catalog/product/3/6/3616302681105_1.jpg?store=en&image-type=small_image"
"Women Fragrance","BOSS","Hugo Boss Ladies Alive Intense EDP 50ML","3616302968237","5300","https://mazaya.eg/en/hugo-boss-ladies-alive-intense-edp-50ml","https://www.mazaya.eg/media/catalog/product/3/6/3616302968237_2_.png?store=en&image-type=small_image"
"Women Fragrance","GUCCI","Flora Gorgeous Orchid EDP","Flora Gorgeous Orchid EDP","7000","https://mazaya.eg/en/flora-gorgeous-orchid-edp","https://www.mazaya.eg/media/catalog/product/3/6/3616305169273.png?store=en&image-type=small_image"
"Women Fragrance","GUCCI","Guilty Love Edition EDP","3616305259448","9700","https://mazaya.eg/en/guilty-love-edition-edp","https://www.mazaya.eg/media/catalog/product/3/6/3616305259448_1_.jpg?store=en&image-type=small_image"
"Women Fragrance","GUCCI","Flora Gorgeous Gardenia Intense 100 ML","3616305275745","10600","https://mazaya.eg/en/gucci-flora-gorgeous-gardenia-intense-100-ml","https://www.mazaya.eg/media/catalog/product/3/6/3616305275745_20250623180407.jpg?store=en&image-type=small_image"
"Women Fragrance","GUCCI","GUILTY ELIXIR FEMALE 60 ML","3616304175916","8900","https://mazaya.eg/en/guilty-elixir-female-60-ml","https://www.mazaya.eg/media/catalog/product/3/6/3616304175916__jfif.jpg?store=en&image-type=small_image"
"Women Fragrance","GUCCI","Gucci Ladies Bloom Intense EDP 100ML","3616304249716","10600","https://mazaya.eg/en/gucci-ladies-bloom-intense-edp-100ml","https://www.mazaya.eg/media/catalog/product/3/6/3616304249716_2_.jpg?store=en&image-type=small_image"
"Women Fragrance","GUCCI","Gucci guilty pour femme EDP 90ML INTENSE ","3616301794639","10600","https://mazaya.eg/en/gucci-guilty-pour-femme-edp-90ml-intense","https://www.mazaya.eg/media/catalog/product/3/6/3616301794639.jpg?store=en&image-type=small_image"
"Women Fragrance","GUCCI","Gucci Flora Gorgeous Magnolia EDP","Gucci Flora Gorgeous Magnolia EDP","9600","https://mazaya.eg/en/gucci-flora-gorgeous-magnolia-edp","https://www.mazaya.eg/media/catalog/product/3/6/3616303470906_7.jpg?store=en&image-type=small_image"
"Women Fragrance","GUCCI","Flora Gorgeous Gardenia Women Eau De Parfum 100ML","3616302022472","9600","https://mazaya.eg/en/flora-gorgeous-jasmine-eau-de-parfum-100-ml","https://www.mazaya.eg/media/catalog/product/3/6/3616302022472_.jpg?store=en&image-type=small_image"
"Women Fragrance","GUCCI","Bloom for Women EDP-100 ML","8005610481005","9600","https://mazaya.eg/en/gucci-bloom-for-women-edp-100-ml","https://www.mazaya.eg/media/catalog/product/n/2/n26365874a_1.jpg?store=en&image-type=small_image"
"Women Fragrance","GUCCI","Flora Gorgeous Jasmine EDP 150ML","3616304255250","10900","https://mazaya.eg/en/flora-gorgeous-jasmine-edp-150ml","https://www.mazaya.eg/media/catalog/product/3/6/3616304255250_2.png?store=en&image-type=small_image"
"Women Fragrance","GUCCI","Flora Gorgeous Gardenia Intense-50 ML","3616305275752","7500","https://mazaya.eg/en/flora-gorgeous-gardenia-intense-50-ml","https://www.mazaya.eg/media/catalog/product/3/6/3616305275752.jpg?store=en&image-type=small_image"
"Women Fragrance","GUCCI"," GUILTY POUR FEMME EDP 150ML","3616303463267","10900","https://mazaya.eg/en/guilty-pour-femme-edp-150ml","https://www.mazaya.eg/media/catalog/product/3/6/3616303463267_2_.jpg?store=en&image-type=small_image"
"Women Fragrance","GUCCI","Flora Gorgeous Jasmine Eau de Parfum ","Flora Gorgeous Jasmine Eau de Parfum","9000","https://mazaya.eg/en/flora-gorgeous-jasmine-eau-de-parfum","https://www.mazaya.eg/media/catalog/product/3/6/3616302968534_2.jpg?store=en&image-type=small_image"
"Women Fragrance","GIVENCHY","L'INTERDIT ROUGE ULTIME","LINTERDIT ROUGE ULTIME","7775","https://mazaya.eg/en/l-interdit-rouge-ultime","https://www.mazaya.eg/media/catalog/product/3/2/3274872456341-.jpeg?store=en&image-type=small_image"
"Women Fragrance","GIVENCHY","L'interdit rouge","Linterdit rouge","9205","https://mazaya.eg/en/l-interdit-rouge","https://www.mazaya.eg/media/catalog/product/7/1/71ussqcl3il._ac_sl1500_.jpg?store=en&image-type=small_image"
"Women Fragrance","GIVENCHY","Irresistible EDT Fraiche","Irresistible EDT Fraiche","6340","https://mazaya.eg/en/irresistible-edt-fraiche","https://www.mazaya.eg/media/catalog/product/3/1/31sachkh3jl._ac__2.jpg?store=en&image-type=small_image"
"Women Fragrance","GIVENCHY","Irresistible rose velvet EDP 80ML","3274872447561","9205","https://mazaya.eg/en/irresistible-rose-velvet-edp-80ml","https://www.mazaya.eg/media/catalog/product/e/z/ezgif-4-83b400c561.jpg?store=en&image-type=small_image"
"Women Fragrance","GIVENCHY","L'Interdit Eau de Parfum","Givenchy LINTERDIT EDP","7220","https://mazaya.eg/en/givenchy-l-interdit-edp123","https://www.mazaya.eg/media/catalog/product/g/i/givenchy_l_interdit_edp.jpg?store=en&image-type=small_image"
"Women Fragrance","GIVENCHY","LINTERDIT 22 EDT 50ML","3274872441972","6340","https://mazaya.eg/en/linterdit-22-edt-50ml","https://www.mazaya.eg/media/catalog/product/3/2/3274872441972_2_.png?store=en&image-type=small_image"
"Women Fragrance","GIVENCHY","L' interdit rouge 125 ML EDP","3274872468931","11300","https://mazaya.eg/en/l-interdit-rouge-125-ml-edp","https://www.mazaya.eg/media/catalog/product/3/2/3274872468931.jpg?store=en&image-type=small_image"
"Women Fragrance","GIVENCHY","L’Interdit Eau De Parfum Refill for Women 150 Ml","3274872445529","10200","https://mazaya.eg/en/l-interdit-eau-de-parfum-refill-for-women-150-ml","https://www.mazaya.eg/media/catalog/product/3/2/3274872445529-removebg-preview.png?store=en&image-type=small_image"
"Women Fragrance","GIVENCHY","L'Interdit Eau De Parfum Tubéreuse Noire","3274872467057","6780","https://mazaya.eg/en/l-interdit-eau-de-parfum-tubereuse-noire","https://www.mazaya.eg/media/catalog/product/3/2/3274872467057.jpg?store=en&image-type=small_image"
"Women Fragrance","GIVENCHY","Irresistible Very Floral EDP","3274872469006","7220","https://mazaya.eg/en/irresistible-very-floral-edp","https://www.mazaya.eg/media/catalog/product/3/2/3274872469006.jpg?store=en&image-type=small_image"
"Women Fragrance","GIVENCHY","IRRESISTIBLE","IRRESISTIBLE","7220","https://mazaya.eg/en/irresistible","https://www.mazaya.eg/media/catalog/product/3/2/3274872456136_2.jpg?store=en&image-type=small_image"
"Women Fragrance","GIVENCHY","DAHLIYA DIVIN","3274872451148","9700","https://mazaya.eg/en/ddiv-new-mythical","https://www.mazaya.eg/media/catalog/product/3/2/3274872451148-.jpg?store=en&image-type=small_image"
"Women Fragrance","GIVENCHY","IRRESISTIBLE  VERY FLORAL","3274872469013","9205","https://mazaya.eg/en/givenchy-irresistible-very-floral","https://www.mazaya.eg/media/catalog/product/3/2/3274872469013-.jpeg?store=en&image-type=small_image"
"Women Fragrance","GIVENCHY","L' INTERDIT","3274872459090","11300","https://mazaya.eg/en/givenchy-linterdit","https://www.mazaya.eg/media/catalog/product/3/2/3274872459090.jpg?store=en&image-type=small_image"
"Women Fragrance","CAROLINA HERRERA","Very Good Girl Elixir","Very Good Girl Elixir","7600","https://mazaya.eg/en/very-good-girl-elixir","https://www.mazaya.eg/media/catalog/product/8/4/8411061106228_3_.jpg?store=en&image-type=small_image"
"Women Fragrance","CAROLINA HERRERA","Good girl blush EDP 80ML","8411061056752","9700","https://mazaya.eg/en/good-girl-blush-edp-80ml","https://www.mazaya.eg/media/catalog/product/3/7/375x500.78576.jpg?store=en&image-type=small_image"
"Women Fragrance","CAROLINA HERRERA","Ladies Good Girl Sparkling Ice EDP 80 ML","8411061093207","8600","https://mazaya.eg/en/ladies-good-girl-sparkling-ice-edp-80-ml","https://www.mazaya.eg/media/catalog/product/8/4/8411061093207-1.jpg?store=en&image-type=small_image"
"Women Fragrance","CAROLINA HERRERA","Good Girl BLUSH HAIR 30ML MIST","8411061093252","2800","https://mazaya.eg/en/good-girl-blush-hair-30ml-mist","https://www.mazaya.eg/media/catalog/product/8/4/8411061093252_1.jpg?store=en&image-type=small_image"
"Women Fragrance","CAROLINA HERRERA","Birds of Paradise Eau De Parfum Spray 100ml Limited Edition","8411061085530","6900","https://mazaya.eg/en/birds-of-paradise-eau-de-parfum-spray-100ml-limited-edition","https://www.mazaya.eg/media/catalog/product/8/4/8411061085530.jpg?store=en&image-type=small_image"
"Women Fragrance","CAROLINA HERRERA","212 VIP ROSÉ ELIXIR EDP","212 VIP ROSÉ ELIXIR EDP","5500","https://mazaya.eg/en/212-vip-rose-elixir-edp","https://www.mazaya.eg/media/catalog/product/8/4/8411061083499_1.jpg?store=en&image-type=small_image"
"Women Fragrance","CAROLINA HERRERA","GOOD GIRL BLUSH ELIXIR","GOOD GIRL BLUSH ELIXIR","7600","https://mazaya.eg/en/good-girl-blush-elixir","https://www.mazaya.eg/media/catalog/product/8/4/8411061083666-2.jpg?store=en&image-type=small_image"
"Women Fragrance","CAROLINA HERRERA","PASION EDP 100ML","8411061055199","4500","https://mazaya.eg/en/ch-pasion-edp-100ml","https://backend.mazaya.eg/static/version1776156351/frontend/Magento/luma/en_US/Magento_Catalog/images/product/placeholder/small_image.jpg"
"Women Fragrance","CAROLINA HERRERA","212 VIP ROSE 125ML","8411061838778","8900","https://mazaya.eg/en/212-vip-rose-125ml","https://www.mazaya.eg/media/catalog/product/8/4/8411061838778_1.jpg?store=en&image-type=small_image"
"Women Fragrance","CAROLINA HERRERA","VERY GOOD GIRL EDP 80ML","8411061995754","7400","https://mazaya.eg/en/very-good-girl-edp-80ml","https://www.mazaya.eg/media/catalog/product/i/m/img_8248-photoroom.png-photoroom_3_1.png?store=en&image-type=small_image"
"Women Fragrance","CAROLINA HERRERA","Good Girl MIDNIGHT LE22 EDP 80ML","8411061045497","7400","https://mazaya.eg/en/good-girl-midnight-le22-edp-80ml","https://www.mazaya.eg/media/catalog/product/e/z/ezgif-4-b246fde6ef.jpg?store=en&image-type=small_image"
"Women Fragrance","CAROLINA HERRERA","212 VIP Rosé Smiley Eau de Parfum 80ml ","8411061026618","4900","https://mazaya.eg/en/212-vip-rose-le-22-edp-80ml","https://www.mazaya.eg/media/catalog/product/8/4/8411061026618_1.jpg?store=en&image-type=small_image"
"Women Fragrance","MARLY","PALATINE 75ml PARFUM SPRAY","3700578504555","20450","https://mazaya.eg/en/palatine-75ml-parfum-spray","https://www.mazaya.eg/media/catalog/product/3/7/3700578504555_3_.png?store=en&image-type=small_image"
"Women Fragrance","MARLY","MARLY CASSILI EDP 75 ML","3700578524003","20200","https://mazaya.eg/en/marly-cassili-edp-75-ml","https://www.mazaya.eg/media/catalog/product/2/2/2201_marly_cassili_02_tiff_1_1.png?store=en&image-type=small_image"
"Women Fragrance","MARLY","DELINA EXCLUSIF EDP 75ml","3700578501981","21900","https://mazaya.eg/en/delina-exclusif-edp-75ml","https://www.mazaya.eg/media/catalog/product/3/7/3700578501981-removebg-preview.png?store=en&image-type=small_image"
"Women Fragrance","MARLY","ORIANA EDP 75mI","3700578503251","22300","https://mazaya.eg/en/oriana-edp-75mi","https://www.mazaya.eg/media/catalog/product/o/r/oriana_edp_75mi_1_.png?store=en&image-type=small_image"
"Women Fragrance","MARLY","MARLY DELINA EDP 75 ML","3700578501998","20350","https://mazaya.eg/en/marly-delina-edp-75-ml-1","https://www.mazaya.eg/media/catalog/product/p/d/pdm_delina_lr_bottle_r1-photoroom.png-photoroom_2.png?store=en&image-type=small_image"
"Women Fragrance","MARLY","MARLY SAFANAD EDP 75ml","3700578502056","20100","https://mazaya.eg/en/marly-safanad-edp-75ml","https://www.mazaya.eg/media/catalog/product/p/d/pdm_safanad-2.jpg?store=en&image-type=small_image"
"Women Fragrance","MARLY","MARLY MELIORA EDP 75ml","3700578502063","20050","https://mazaya.eg/en/marly-meliora-edp-75ml","https://www.mazaya.eg/media/catalog/product/p/d/pdm_meliora-2.jpg?store=en&image-type=small_image"
"Women Fragrance","MARLY","MARLY VALAYA EDP 75ml","3700578503046","20350","https://mazaya.eg/en/marly-valaya-edp-75ml","https://www.mazaya.eg/media/catalog/product/p/d/pdm_valaya-2.jpg?store=en&image-type=small_image"
"Women Fragrance","CALVIN KLEIN","ETERNITY  FOR HER AMBER ESSENCE 100ML","3616305488640","5425","https://mazaya.eg/en/eternity-for-her-amber-essence-100ml","https://www.mazaya.eg/media/catalog/product/e/t/eternity_for_her_amber_essence_100ml.jpeg?store=en&image-type=small_image"
"Women Fragrance","CALVIN KLEIN","Beauty Woman EDP 100ml","3607340213267","5150","https://mazaya.eg/en/beauty-woman-edp-100ml","https://www.mazaya.eg/media/catalog/product/3/6/3607340213267.jpeg?store=en&image-type=small_image"
"Women Fragrance","CALVIN KLEIN","Euphoria For Women - Eau de Parfum","Calvin Klein Euphoria for Women - Eau de Parfum","5940","https://mazaya.eg/en/calvin-klein-euphoria-for-women-eau-de-parfum11","https://www.mazaya.eg/media/catalog/product/f/c/fc-12293-gr-199278-b_1.jpg?store=en&image-type=small_image"
"Women Fragrance","CALVIN KLEIN","Calvin Klein Euphoria for Women - Eau de Parfum-100 ML","088300162505","5940","https://mazaya.eg/en/calvin-klein-euphoria-for-women-eau-de-parfum-100-ml","https://www.mazaya.eg/media/catalog/product/0/8/088300162505.jpg?store=en&image-type=small_image"
"Women Fragrance","CALVIN KLEIN","My Euphoria WOMEN RED EDP 100ml","3616304478246","5610","https://mazaya.eg/en/my-euphoria-women-red-edp-100ml","https://www.mazaya.eg/media/catalog/product/3/6/3616304478246-_1_.jpg?store=en&image-type=small_image"
"Women Fragrance","CALVIN KLEIN","IN 2 U EDT 100 ml for women","088300196814","3290","https://mazaya.eg/en/in-2-u-edt-100-ml-for-women","https://www.mazaya.eg/media/catalog/product/0/8/088300196814_1_.jpg?store=en&image-type=small_image"
"Women Fragrance","CALVIN KLEIN","Euphoria EDT 100 ml ","3616304248221","5005","https://mazaya.eg/en/euphoria-edt-100-ml","https://www.mazaya.eg/media/catalog/product/3/6/3616304248221_1_.jpg?store=en&image-type=small_image"
"Women Fragrance","CALVIN KLEIN","Euphoria Pure Gold Woman EDP 100ml","3614222832799","3915","https://mazaya.eg/en/euphoria-pure-gold-woman-edp-100ml","https://www.mazaya.eg/media/catalog/product/3/6/3614222832799.jpeg?store=en&image-type=small_image"
"Women Fragrance","CALVIN KLEIN","Everyone EDP","Everyone EDP","3760","https://mazaya.eg/en/everyone-edp","https://www.mazaya.eg/media/catalog/product/3/6/3616301781172_1.jpeg?store=en&image-type=small_image"
"Women Fragrance","CALVIN KLEIN","CK Eternity For Women EDP Intense 100ml","3616303549732","5060","https://mazaya.eg/en/ck-eternity-for-women-edp-intense-100ml","https://www.mazaya.eg/media/catalog/product/3/6/3616303549732_1.jpg?store=en&image-type=small_image"
"Women Fragrance","CALVIN KLEIN","Obsessed For Women Eau de Parfum","Calvin Klein Obsessed for Women EDP","4455","https://mazaya.eg/en/calvin-keline-obsessed-for-women-edp11","https://www.mazaya.eg/media/catalog/product/c/a/calvin-klein-ck-obsessed-woman-eau-de-parfum-vaporizador-100-ml_1.jpg?store=en&image-type=small_image"
"Women Fragrance","CALVIN KLEIN","Beauty Sheer Eau de Toilette","CK BEAUTY SHEER EDT","5150","https://mazaya.eg/en/ck-beauty-sheer-edt11","https://www.mazaya.eg/media/catalog/product/c/k/ck_beauty_sheer_edt_50ml.jpg?store=en&image-type=small_image"
"Women Fragrance","The merchant of Venice","EXCLUSIVE IMPERIAL EMERALD EDP 100 ML","679602811200","15450","https://mazaya.eg/en/exclusive-imperial-emerald-edp-100-ml","https://www.mazaya.eg/media/catalog/product/6/7/679602811200.jpg?store=en&image-type=small_image"
"Women Fragrance","The merchant of Venice","ROSA MOCENIGA EDP 100 ML","679602481335","8250","https://mazaya.eg/en/rosa-moceniga-edp-100-ml","https://www.mazaya.eg/media/catalog/product/6/7/679602481335.jpg?store=en&image-type=small_image"
"Women Fragrance","The merchant of Venice","EXCLUSIVE QUEEN OF THE NIGHT EDPC 100 ML-NEW","679602481274","18650","https://mazaya.eg/en/exclusive-queen-of-the-night-edpc-100-ml-new","https://www.mazaya.eg/media/catalog/product/6/7/679602481274.jpg?store=en&image-type=small_image"
"Women Fragrance","The merchant of Venice","LA FENICE MY PEARLS EDP CONCENTREE 100ML","679602008129","11000","https://mazaya.eg/en/la-fenice-my-pearls-edp-concentree-100ml","https://www.mazaya.eg/media/catalog/product/6/7/679602008129.jpg?store=en&image-type=small_image"
"Women Fragrance","Michael Cinco","Michael Cinco - M3 EDP - 100 ML ","3770032647111","9800","https://mazaya.eg/en/michael-cinco-m3-edp-100-ml","https://www.mazaya.eg/media/catalog/product/m/3/m3-1-removebg-preview.png?store=en&image-type=small_image"
"Women Fragrance","Michael Cinco","Michael Cinco - M1 EDP - 100 ML ","3770032647135","9800","https://mazaya.eg/en/michael-cinco-m1-edp-100-ml","https://www.mazaya.eg/media/catalog/product/m/1/m1-1-removebg-preview.png?store=en&image-type=small_image"
"Women Fragrance","Juliette has a gun","IN THE MOOD FOR OUD 75ML EDP","3760022731326","13050","https://mazaya.eg/en/in-the-mood-for-oud-75ml-edp","https://www.mazaya.eg/media/catalog/product/3/7/3760022731326.jpg?store=en&image-type=small_image"
"Women Fragrance","Juliette has a gun","Liquid Illusion EDP 75 ML","3760022730770","13050","https://mazaya.eg/en/liquid-illusion-edp-75-ml","https://www.mazaya.eg/media/catalog/product/3/7/3760022730770.jpg?store=en&image-type=small_image"
"Women Fragrance","Juliette has a gun","MOSCOW MULE 100ML EDP ","3760022730664","7400","https://mazaya.eg/en/moscow-mule-100ml-edp","https://www.mazaya.eg/media/catalog/product/3/7/3760022730664.jpg?store=en&image-type=small_image"
"Women Fragrance","Juliette has a gun","MISS CHARMING EDP 100ML","3770000002713","7400","https://mazaya.eg/en/miss-charming-edp-100ml","https://www.mazaya.eg/media/catalog/product/3/7/3770000002713.jpg?store=en&image-type=small_image"
"Women Fragrance","Juliette has a gun","OIL FICTION 75ML","3770000002492","13050","https://mazaya.eg/en/oil-fiction-75ml","https://www.mazaya.eg/media/catalog/product/o/i/oil_fiction_pack_and_bottle_cmjn.jpg?store=en&image-type=small_image"
"Women Fragrance","Juliette has a gun","ODE TO DULLNESS 100ML","3760022733924","7400","https://mazaya.eg/en/ode-to-dullness-100ml","https://www.mazaya.eg/media/catalog/product/j/h/jhag_ode-to-dullness_100ml_06c.png?store=en&image-type=small_image"
"Women Fragrance","Juliette has a gun","METAL CHYPRE 75ML","3760022730381","14150","https://mazaya.eg/en/metal-chypre-75ml","https://www.mazaya.eg/media/catalog/product/m/e/metal_chypre-face_cmjn_d_tour_.png?store=en&image-type=small_image"
"Women Fragrance","Juliette has a gun","INTO THE VOID 75ML","3760022730213","14150","https://mazaya.eg/en/into-the-void-75ml","https://www.mazaya.eg/media/catalog/product/p/a/packshot_into_the_void.jpg?store=en&image-type=small_image"
"Women Fragrance","Juliette has a gun","WHITE SPIRIT 75ML","3760022730022","13050","https://mazaya.eg/en/white-spirit-75ml","https://www.mazaya.eg/media/catalog/product/w/h/white_spirit_bottle_and_pack.jpg?store=en&image-type=small_image"
"Women Fragrance","Juliette has a gun","LUST FOR SUN 100ML EDP","3760022733580","7400","https://mazaya.eg/en/lust-for-sun-100ml-edp","https://www.mazaya.eg/media/catalog/product/j/h/jhag_100ml_pack_lust-for-sun_08.jpg?store=en&image-type=small_image"
"Women Fragrance","Juliette has a gun","PEAR INC. 100ML","3760022732767","7250","https://mazaya.eg/en/pear-inc-100ml","https://www.mazaya.eg/media/catalog/product/r/6/r66.png?store=en&image-type=small_image"
"Women Fragrance","Juliette has a gun","MUSC INVISIBLE 100ML","3760022731814","7250","https://mazaya.eg/en/musc-invisible-100ml","https://www.mazaya.eg/media/catalog/product/i/m/image58_1.png?store=en&image-type=small_image"
"Women Fragrance","Juliette has a gun","MMMM… 100ML","3760022730251","7250","https://mazaya.eg/en/mmmm-100ml","https://www.mazaya.eg/media/catalog/product/r/4/r44_1.png?store=en&image-type=small_image"
"Women Fragrance","Juliette has a gun","LADY VENGEANCE 100ML","3770000002683","7250","https://mazaya.eg/en/lady-vengeance-100ml","https://www.mazaya.eg/media/catalog/product/u/n/untitled2.png?store=en&image-type=small_image"
"Women Fragrance","Juliette has a gun","LIPSTICK FEVER 100ML","3760022731753","7250","https://mazaya.eg/en/lipstick-fever-100ml","https://www.mazaya.eg/media/catalog/product/i/m/image22.png?store=en&image-type=small_image"
"Women Fragrance","Juliette has a gun","MAGNOLIA BLISS 100ML","3770000002331","7900","https://mazaya.eg/en/magnolia-bliss-100ml","https://www.mazaya.eg/media/catalog/product/i/m/image37.png?store=en&image-type=small_image"
"Women Fragrance","Juliette has a gun","EDP ANOTHER OUD 100ML","3770000002669","7900","https://mazaya.eg/en/edp-another-oud-100ml","https://www.mazaya.eg/media/catalog/product/r/_/r_4_1.png?store=en&image-type=small_image"
"Women Fragrance","Juliette has a gun","VANILLA VIBES 100ML","3760022731180","7250","https://mazaya.eg/en/vanilla-vibes-100ml","https://www.mazaya.eg/media/catalog/product/i/m/image84.png?store=en&image-type=small_image"
"Women Fragrance","Memo","LALIBELA 75ML EDP","3700458603323","17550","https://mazaya.eg/en/lalibela-75ml-edp","https://www.mazaya.eg/media/catalog/product/3/7/3700458603323.jpg?store=en&image-type=small_image"
"Women Fragrance","Memo","MARFA EDP 200ML","3700458604542","30700","https://mazaya.eg/en/marfa-edp-200ml","https://www.mazaya.eg/media/catalog/product/5/2/523224586-1.jpg?store=en&image-type=small_image"
"Women Fragrance","Memo","African Leather Rose","3700458604375","31350","https://mazaya.eg/en/african-leather-rose","https://www.mazaya.eg/media/catalog/product/c/a/cardamom_geranium_leather_accord_rose_essence.-removebg-preview.png?store=en&image-type=small_image"
"Women Fragrance","Memo","EDP Sicilian Leather EDP 75ml","3700458602487","17550","https://mazaya.eg/en/edp-sicilian-leather-edp-75ml","https://www.mazaya.eg/media/catalog/product/3/7/3700458602487.jpg?store=en&image-type=small_image"
"Women Fragrance","Memo","Corfu EDP 75mI","3700458602524","17550","https://mazaya.eg/en/corfu-edp-75mi","https://www.mazaya.eg/media/catalog/product/3/7/3700458602524.jpeg?store=en&image-type=small_image"
"Women Fragrance","Memo","Sherwood EDP 75mI","3700458604610","17550","https://mazaya.eg/en/sherwood-edp-75mi","https://www.mazaya.eg/media/catalog/product/3/7/3700458604610.jpg?store=en&image-type=small_image"
"Women Fragrance","Memo","Marfa Spices EDP 75mI","3700458603064","31350","https://mazaya.eg/en/marla-spices-edp-75mi","https://www.mazaya.eg/media/catalog/product/3/7/3700458603064-removebg-preview_2.png?store=en&image-type=small_image"
"Women Fragrance","Memo","Lalibela Oud EDP 75mI ","3700458604382","31350","https://mazaya.eg/en/lalibela-oud-edp-75mi","https://www.mazaya.eg/media/catalog/product/3/7/3700458604382-removebg-preview.png?store=en&image-type=small_image"
"Women Fragrance","Memo"," HAIR PERF 80ML.FRENCH LEATHER","3700458600285","4125","https://mazaya.eg/en/hair-perf-80ml-french-leather","https://www.mazaya.eg/media/catalog/product/3/9/391d9c6fbdace5061950691fb6d73c6e-hi.jpg?store=en&image-type=small_image"
"Women Fragrance","Memo","Jannat Eau de Parfum","3700458618938","17550","https://mazaya.eg/en/memo-edp-jannat-75ml12344","https://www.mazaya.eg/media/catalog/product/u/p/up3700458618938.jpg?store=en&image-type=small_image"
"Women Fragrance","Memo","Hair Perfume Marfa","3700458600261","4125","https://mazaya.eg/en/memo-hair-perfume-80ml-marfa12344","https://www.mazaya.eg/media/catalog/product/p/i/pic2.jpg?store=en&image-type=small_image"
"Women Fragrance","Memo","Moroccan Leather Eau de Parfum","3700458618594","17550","https://mazaya.eg/en/memo-edp-moroccan-leather-75ml12344","https://www.mazaya.eg/media/catalog/product/m/e/memmem031_memoparis_moroccanleather_1560x1960-fbhf4jpg.jpg?store=en&image-type=small_image"
"Women Fragrance","Swiss Arabian","SPIRIT OF VALENCIA 1404 100ML EDP","6295124042799","6460","https://mazaya.eg/en/spirit-of-valencia-1404-100ml-edp","https://www.mazaya.eg/media/catalog/product/6/2/6295124042799_4_.jpg?store=en&image-type=small_image"
"Women Fragrance","Swiss Arabian","PASSION OF VENICE 1404 100ML EDP","6295124042782","6460","https://mazaya.eg/en/passion-of-venice-1404-100ml-edp","https://www.mazaya.eg/media/catalog/product/6/2/6295124042782_3_.jpg?store=en&image-type=small_image"
"Women Fragrance","Swiss Arabian","OUD74 1080 50ML EDP","6295124036835","6965","https://mazaya.eg/en/oud74-1080-50ml-edp","https://www.mazaya.eg/media/catalog/product/6/2/6295124036835_2_.jpg?store=en&image-type=small_image"
"Women Fragrance","Swiss Arabian","MUSK74 POUDRE 1080 50ML EDP","6295124041006","6965","https://mazaya.eg/en/musk74-poudre-1080-50ml-edp","https://www.mazaya.eg/media/catalog/product/6/2/6295124041006.jpg?store=en&image-type=small_image"
"Women Fragrance","Swiss Arabian","ROSE01 1080 50ML EDP","6295124037931","6965","https://mazaya.eg/en/rose01-1080-50ml-edp","https://www.mazaya.eg/media/catalog/product/6/2/6295124037931_4_.jpg?store=en&image-type=small_image"
"Women Fragrance","Swiss Arabian","MUSK07 1080 50ML EDP","6295124036804","6965","https://mazaya.eg/en/musk07-1080-50ml-edp","https://www.mazaya.eg/media/catalog/product/6/2/6295124036804_2_.jpg?store=en&image-type=small_image"
"Women Fragrance","Swiss Arabian","GHARAAM 1080 50ML EDP","6295124031250","4750","https://mazaya.eg/en/gharaam-1080-50ml-edp","https://www.mazaya.eg/media/catalog/product/6/2/6295124031250_3_.jpg?store=en&image-type=small_image"
"Women Fragrance","Swiss Arabian","SHAGHAF OUD AZRAQ 985 75ML EDP","6295124041266","4970","https://mazaya.eg/en/shaghaf-oud-azraq-985-75ml-edp","https://www.mazaya.eg/media/catalog/product/6/2/6295124041266_5_.jpg?store=en&image-type=small_image"
"Women Fragrance","Swiss Arabian","CASABLANCA 1043 100ML EDP","6295124024290","3720","https://mazaya.eg/en/casablanca-1043-100ml-edp","https://www.mazaya.eg/media/catalog/product/s/w/swiss_casablanca.jpg?store=en&image-type=small_image"
"Women Fragrance","PAROUR","PAROUR Black & Gold by Lomani for Women EDP Spray","PAROUR Black & Gold by Lomani for Women EDP Spray","850","https://mazaya.eg/en/parour-black-gold-by-lomani-for-women-edp-spray","https://www.mazaya.eg/media/catalog/product/l/o/lomani_8_1.jpg?store=en&image-type=small_image"
"Women Fragrance","PAROUR","PAROUR Giorgio Valenti So Valent Eau De Parfum For Women","PAROUR Giorgio Valenti So Valent Eau De Parfum For Women","905","https://mazaya.eg/en/parour-giorgio-valenti-so-valent-eau-de-parfum-for-women","https://www.mazaya.eg/media/catalog/product/s/o/so-valenti-women-100ml_1.jpg?store=en&image-type=small_image"
"Women Fragrance","PAROUR","PAROUR Lomani Mademoiselle EDP For Woman","PAROUR Lomani Mademoiselle EDP For Woman","850","https://mazaya.eg/en/parour-lomani-mademoiselle-edp-for-woman","https://www.mazaya.eg/media/catalog/product/4/1/416cgee5ktl._sr600_315_sclzzzzzzz__1.jpg?store=en&image-type=small_image"
"Women Fragrance","PAROUR","PAROUR I Love Lomani Paradise by Lomani Eau de Perfume For Women","PAROUR I Love Lomani Paradise by Lomani Eau de Perfume For Women","905","https://mazaya.eg/en/parour-i-love-lomani-paradise-by-lomani-eau-de-perfume-for-women","https://www.mazaya.eg/media/catalog/product/i/t/item_xl_36899174_144340856_1.jpg?store=en&image-type=small_image"
"Women Fragrance","PAROUR","PAROUR LOMANI SWEETY EDP","PAROUR LOMANI SWEETY EDP","845","https://mazaya.eg/en/parour-lomani-sweety-edp","https://www.mazaya.eg/media/catalog/product/l/o/lomani-sweety-edp-100ml_1.jpg?store=en&image-type=small_image"
"Women Fragrance","Cartier","Declaration Haute Fraicheur EDT 100ml","3432240505293","6385","https://mazaya.eg/en/declaration-haute-fraicheur-edt-100ml","https://www.mazaya.eg/media/catalog/product/3/4/3432240505293_3ubzgmu7ibg7kktq-removebg-preview.png?store=en&image-type=small_image"
"Women Fragrance","Cartier","Declaration EDT Limited Edition 100ml","3432240504685","6535","https://mazaya.eg/en/declaration-edt-limited-edition-100ml","https://www.mazaya.eg/media/catalog/product/3/4/3432240504685_ncbjfjyqmmqqwmzt.jpg?store=en&image-type=small_image"
"Women Fragrance","Cartier","La Panthere Sparkling EDP 75ml","3432240502605","8615","https://mazaya.eg/en/la-panthere-sparkling-edp-75ml","https://www.mazaya.eg/media/catalog/product/3/4/3432240502605_mrmcazrbwo0hgwlx.jpg?store=en&image-type=small_image"
"Women Fragrance","Cartier","Baiser Vole Fraiche EDP 100ml","3432240500328","4990","https://mazaya.eg/en/baiser-vole-fraiche-edp-100ml","https://www.mazaya.eg/media/catalog/product/3/4/3432240500328_6osmblbkapxrqpad.jpg?store=en&image-type=small_image"
"Women Fragrance","Cartier","La Panthere Legere EDP 75ml","3432240036261","6365","https://mazaya.eg/en/la-panthere-legere-edp-75ml","https://www.mazaya.eg/media/catalog/product/3/4/3432240036261_vhmachvjfev7fwwv.jpg?store=en&image-type=small_image"
"Women Fragrance","Cartier","Must de Cartier EDT 50ml","3432240005656","2685","https://mazaya.eg/en/must-de-cartier-edt-50ml","https://www.mazaya.eg/media/catalog/product/3/4/3432240005656_gsqesnwmaga6ro6f.jpg?store=en&image-type=small_image"
"Women Fragrance","Cartier","Baiser Vole Fraiche EDT 100ML","3432240029645","5395","https://mazaya.eg/en/baiser-vole-fraiche-edt-100ml","https://www.mazaya.eg/media/catalog/product/3/4/3432240029645-.jpg?store=en&image-type=small_image"
"Women Fragrance","Cartier","Carart De Cartier EDP 50 ML","3432240502193","2785","https://mazaya.eg/en/carart-de-cartier-edp-50-ml","https://www.mazaya.eg/media/catalog/product/3/4/3432240502193.jpg?store=en&image-type=small_image"
"Women Fragrance","Cartier","Declaration Essence EDT 100ml","3432240005076","6535","https://mazaya.eg/en/cartdeclaration-essence-edt-100ml","https://www.mazaya.eg/media/catalog/product/3/4/3432240005076_1.jpg?store=en&image-type=small_image"
"Women Fragrance","Cartier","Baiser Fou EDP 75ml","3432240501172","5245","https://mazaya.eg/en/baiser-fou-edp-75ml","https://www.mazaya.eg/media/catalog/product/3/4/3432240501172.jpg?store=en&image-type=small_image"
"Women Fragrance","Cartier","Declaration Essence EDT 100ml","3432240502087","6535","https://mazaya.eg/en/declaration-essence-edt-100ml","https://www.mazaya.eg/media/catalog/product/3/4/3432240005076.jpg?store=en&image-type=small_image"
"Women Fragrance","Cartier","La Panthere Limited Edition Perfume For Women EDP 75ml","3432240504982","8615","https://mazaya.eg/en/la-panthere-limited-edition-perfume-for-women-edp-75ml","https://www.mazaya.eg/media/catalog/product/a/3/a345c3e7ed2f8bc94ba11d9beb79b2e3.jpeg?store=en&image-type=small_image"
"Women Fragrance","Cartier","L 'ENVOL EDP","L 'ENVOL EDP","6385","https://mazaya.eg/en/l-envol-edp","https://www.mazaya.eg/media/catalog/product/3/4/3432240501141_1.jpg?store=en&image-type=small_image"
"Women Fragrance","Cartier","LA Panthere LTD EDITION EDP","3432240504265","8615","https://mazaya.eg/en/la-panthere-ltd-edition-edp","https://www.mazaya.eg/media/catalog/product/c/1/c1e59716-a729-4f89-a6b3-d757f347add1_1.jpg?store=en&image-type=small_image"
"Women Fragrance","Cartier","PARFUM LA PANTHERE","PARFUM LA PANTHERE","6535","https://mazaya.eg/en/parfum-la-panthere","https://www.mazaya.eg/media/catalog/product/3/4/3432240504296_1.jpg?store=en&image-type=small_image"
"Women Fragrance","Cartier","LA PANTHERE","LA PANTHERE","8615","https://mazaya.eg/en/la-panthere","https://www.mazaya.eg/media/catalog/product/v/h/vhjzcngdfczhwn4pg25hzjgpbxvzxivi5ercj4qe_1_1.jpg?store=en&image-type=small_image"
"Women Fragrance","MICHAEL KORS","SEXY AMBER EDP","SEXY AMBER EDP","3800","https://mazaya.eg/en/sexy-amber-edp","https://www.mazaya.eg/media/catalog/product/s/e/sexy_amber_edp_1.jpg?store=en&image-type=small_image"
"Women Fragrance","MICHAEL KORS","SEXY AMBER EDP 100 ML","22548289655","4900","https://mazaya.eg/en/sexy-amber-edp-100-ml","https://www.mazaya.eg/media/catalog/product/2/2/22548289662_1.jpg?store=en&image-type=small_image"
"Women Fragrance","MICHAEL KORS","GORGEOUS! EDP EDP 100 ML","22548419953","5200","https://mazaya.eg/en/gorgeous-edp-edp-100-ml-100-ml","https://www.mazaya.eg/media/catalog/product/2/2/22548419953.jpg?store=en&image-type=small_image"
"Women Fragrance","MICHAEL KORS","WONDERLUST EDP","WONDERLUST EDP","5200","https://mazaya.eg/en/wonderlust-edp","https://www.mazaya.eg/media/catalog/product/w/o/wonderlust_edp_6.jpg?store=en&image-type=small_image"
"Women Fragrance","MICHAEL KORS","WONDERLUST EDP EDP 100 ML","22548366448","5200","https://mazaya.eg/en/wonderlust-edp-100-ml","https://www.mazaya.eg/media/catalog/product/2/2/22548366448.jpg?store=en&image-type=small_image"
"Women Fragrance","MICHAEL KORS","SEXY AMBER EDP 50 ML","22548289662","3800","https://mazaya.eg/en/sexy-amber-edp-50-ml","https://www.mazaya.eg/media/catalog/product/2/2/22548289662.jpg?store=en&image-type=small_image"
"Women Fragrance","MICHAEL KORS","GORGEOUS! EDP EDP","GORGEOUS! EDP EDP","5200","https://mazaya.eg/en/gorgeous-edp-edp-100-ml","https://www.mazaya.eg/media/catalog/product/g/o/gorgeous_edp_edp_1.jpg?store=en&image-type=small_image"
"Women Fragrance","ExNihilo","VESPER GLITZ 100ML","3760264096702","18500","https://mazaya.eg/en/vesper-glitz-100ml","https://www.mazaya.eg/media/catalog/product/3/7/3760264096702.jpg?store=en&image-type=small_image"
"Women Fragrance","ExNihilo","SANTAL CALLING 100 ML","3760264095309","18500","https://mazaya.eg/en/santal-calling-100-ml","https://www.mazaya.eg/media/catalog/product/3/7/3760264095309.jpg?store=en&image-type=small_image"
"Women Fragrance","ExNihilo","EXPLICITE","EXPLICITE","18500","https://mazaya.eg/en/explicite","https://www.mazaya.eg/media/catalog/product/3/7/3760264093251_1.jpg?store=en&image-type=small_image"
"Women Fragrance","ExNihilo","BLUE TALISMAN","BLUE TALISMAN","18500","https://mazaya.eg/en/blue-talisman","https://www.mazaya.eg/media/catalog/product/3/7/3760264097440_1.jpg?store=en&image-type=small_image"
"Women Fragrance","ExNihilo","ATLAS FEVER 100ML","3760264092193","24850","https://mazaya.eg/en/atlas-fever-100ml","https://www.mazaya.eg/media/catalog/product/3/7/3760264092193.jpg?store=en&image-type=small_image"
"Women Fragrance","ExNihilo","AMBER SKY 100ML","3760264092162","25100","https://mazaya.eg/en/amber-sky-100ml","https://www.mazaya.eg/media/catalog/product/3/7/3760264092162.jpg?store=en&image-type=small_image"
"Women Fragrance","ExNihilo","GOLD IMMORTALS","GOLD IMMORTALS","18500","https://mazaya.eg/en/gold-immortals","https://www.mazaya.eg/media/catalog/product/3/7/3760264093565_2.jpg?store=en&image-type=small_image"
"Women Fragrance","ExNihilo","THE HEDONIST 100ML","3760264094166","18500","https://mazaya.eg/en/the-hedonist-100ml","https://www.mazaya.eg/media/catalog/product/3/7/3760264094166_1.jpg?store=en&image-type=small_image"
"Women Fragrance","MERCEDES BENZ","Woman In Red EDP 90ml","3595471071125","5280","https://mazaya.eg/en/woman-in-red-edp-90ml","https://www.mazaya.eg/media/catalog/product/3/5/3595471071125.jpg?store=en&image-type=small_image"
"Women Fragrance","MERCEDES BENZ","MERCEDES-BENZ WOMAN EDP","MERCEDES-BENZ WOMAN EDP","4410","https://mazaya.eg/en/mercedes-benz-womman-edp","https://www.mazaya.eg/media/catalog/product/m/e/mercedes-benz_womman_edp.jpg?store=en&image-type=small_image"
"Women Fragrance","Chopard","VANILLE MALIKA EDP 100ML","7640177360786","9075","https://mazaya.eg/en/vanille-malika-edp-100ml","https://www.mazaya.eg/media/catalog/product/v/a/vanille_malika_edp_100ml_-_pic1.jpg?store=en&image-type=small_image"
"Women Fragrance","Chopard","IRIS MALIKA EDP 100ML","7640177360731","8140","https://mazaya.eg/en/iris-malika-edp-100ml","https://www.mazaya.eg/media/catalog/product/i/r/iris_malika_edp_100ml_-_pic1.jpg?store=en&image-type=small_image"
"Women Fragrance","Chopard","Happy Felicia Roses EDP 100 ml","7640177362049","9010","https://mazaya.eg/en/happy-felicia-roses-edp-100-ml","https://www.mazaya.eg/media/catalog/product/7/6/7640177362049.jpg?store=en&image-type=small_image"
"Women Fragrance","Chopard"," Happy Bigaradia EDP 100 ml","7640177362124","9010","https://mazaya.eg/en/happy-bigaradia-edp-100-ml","https://backend.mazaya.eg/static/version1776156351/frontend/Magento/luma/en_US/Magento_Catalog/images/product/placeholder/small_image.jpg"
"Women Fragrance","Chopard","Chopard Wish EDP 75 ml","7640177366191","3575","https://mazaya.eg/en/chopard-wish-edp-75-ml","https://www.mazaya.eg/media/catalog/product/c/h/chopard-wish-edp.jpg?store=en&image-type=small_image"
"Women Fragrance","Chopard","Malaki Rose Eau de Parfum","7640177360120","7820","https://mazaya.eg/en/malaki-rose-edp234","https://www.mazaya.eg/media/catalog/product/d/o/download_3_1_1.jpg?store=en&image-type=small_image"
"Women Fragrance","Chopard","Love Eau de Parfum","Love Chopard EDP","8910","https://mazaya.eg/en/love-chopard-edp234","https://www.mazaya.eg/media/catalog/product/u/_/u_7640177363176_01_1.jpg?store=en&image-type=small_image"
"Women Fragrance","Thameen","EXTRAIT DE PERFUME INSIGNIA 50ML","5060905833276","20700","https://mazaya.eg/en/extrait-de-perfume-insignia-50ml","https://www.mazaya.eg/media/catalog/product/5/0/5060905833276-removebg-preview.png?store=en&image-type=small_image"
"Women Fragrance","Thameen","EXTRACT DE PERFUME THE HOPE 100ML","5060905833696","21550","https://mazaya.eg/en/extract-de-perfume-the-hope-100ml","https://www.mazaya.eg/media/catalog/product/5/0/5060905833696.jpg?store=en&image-type=small_image"
"Women Fragrance","Thameen","SOML EXTRACT DE PERFUME SCEPTRE","724120146928","19000","https://mazaya.eg/en/soml-extract-de-perfume-sceptre","https://www.mazaya.eg/media/catalog/product/7/2/724120146928.jpeg?store=en&image-type=small_image"
"Women Fragrance","Thameen","SOML EXTRACT DE PERFUME RED CULLINAN DIMAOND","5060905833566","18150","https://mazaya.eg/en/soml-extract-de-perfume-red-cullinan-dimaond","https://www.mazaya.eg/media/catalog/product/5/0/5060905833566.jpg?store=en&image-type=small_image"
"Women Fragrance","Thameen","EXTRACT DE PERFUME PEACOCK 100ML","5060905833702","21550","https://mazaya.eg/en/extract-de-perfume-peacock-100ml","https://www.mazaya.eg/media/catalog/product/5/0/5060905833702.jpg?store=en&image-type=small_image"
"Women Fragrance","Thameen","EXTRACT DE PERFUME NOOROLOAIN 100 ML","5060905833719","25200","https://mazaya.eg/en/extract-de-perfume-nooroloain-100-ml","https://www.mazaya.eg/media/catalog/product/5/0/5060905833719.jpg?store=en&image-type=small_image"
"Women Fragrance","Thameen","FANFARE COLOGNE EuxiR","5060905833658","20700","https://mazaya.eg/en/fanfare-cologne-euxir","https://www.mazaya.eg/media/catalog/product/5/0/5060905833658.jpg?store=en&image-type=small_image"
"Women Fragrance","Thameen","DISCOVERY SET EDP","5060905833337","6700","https://mazaya.eg/en/discovery-set-edp","https://www.mazaya.eg/media/catalog/product/5/0/5060905833337.jpeg?store=en&image-type=small_image"
"Women Fragrance","Thameen","PERFUME TREASURE set","5060905833320","31350","https://mazaya.eg/en/perfume-treasure-collection","https://www.mazaya.eg/media/catalog/product/5/0/5060905833320.jpg?store=en&image-type=small_image"
"Women Fragrance","Thameen","SOVEREIGN COLLECTION set","5060905833115","15400","https://mazaya.eg/en/sovereign-collection-box-4in1","https://www.mazaya.eg/media/catalog/product/5/0/5060905833115.webp.png?store=en&image-type=small_image"
"Women Fragrance","Thameen","Chords 100mI Cologne Elixir	","5060905833924","20700","https://mazaya.eg/en/chords-100mi-cologne-elixir","https://www.mazaya.eg/media/catalog/product/5/0/5060905833924-removebg-preview.png?store=en&image-type=small_image"
"Women Fragrance","Thameen","EXTRACT DE PERFUME AMBER ROOM 100ml","5060905832484","21550","https://mazaya.eg/en/extract-de-perfume-amber-room-100ml","https://www.mazaya.eg/media/catalog/product/5/0/5060905832484.jpeg?store=en&image-type=small_image"
"Women Fragrance","Thameen","BOHEMIAN INFUSION 100ML","5060905833795","20700","https://mazaya.eg/en/bohemian-infusion-100ml","https://www.mazaya.eg/media/catalog/product/u/n/untitledrrrr_111_.jpg?store=en&image-type=small_image"
"Women Fragrance","Thameen","ROYAL SAPPHIRE 50 ML","724120146959","20700","https://mazaya.eg/en/royal-sapphire-100-ml","https://www.mazaya.eg/media/catalog/product/7/2/724120146959.jpg?store=en&image-type=small_image"
"Women Fragrance","Thameen","IMPERIAL CROWN 50 ML","724120146904","19000","https://mazaya.eg/en/imperial-crown","https://www.mazaya.eg/media/catalog/product/i/m/imperial_crown_50_mlr.jpg?store=en&image-type=small_image"
"Women Fragrance","Thameen","SOML EXTRACT DE PERFUME DIADEM","724120146911","20700","https://mazaya.eg/en/soml-extract-de-perfume-diadem","https://www.mazaya.eg/media/catalog/product/7/2/724120146911_1.jpg?store=en&image-type=small_image"
"Women Fragrance","Sapil","MAISON DE LUXE 1600 100ML EDP SAP","6295124043406","1065","https://mazaya.eg/en/maison-de-luxe-1600-100ml-edp-sap","https://www.mazaya.eg/media/catalog/product/6/2/6295124043406.jpg?store=en&image-type=small_image"
"Women Fragrance","Sapil","ROUGE 100ML EDP  ","6295124043369","1090","https://mazaya.eg/en/rouge-1195-100ml-edp","https://www.mazaya.eg/media/catalog/product/6/2/6295124043369.jpg?store=en&image-type=small_image"
"Women Fragrance","Sapil","RAVE 100ML EDP  ","6295124030376","825","https://mazaya.eg/en/rave1172-100ml-edp","https://www.mazaya.eg/media/catalog/product/6/2/6295124030376.jpg?store=en&image-type=small_image"
"Women Fragrance","Sapil","QAMAR 100ML EDP  ","6295124039553","880","https://mazaya.eg/en/qamar-1192-100ml-edp","https://www.mazaya.eg/media/catalog/product/6/2/6295124039553.jpg?store=en&image-type=small_image"
"Women Fragrance","Sapil","OUD AL LAIL 100ML EDP  ","6295124039515","880","https://mazaya.eg/en/oud-al-lail-1190-100ml-edp","https://www.mazaya.eg/media/catalog/product/6/2/6295124039515.jpg?store=en&image-type=small_image"
"Women Fragrance","Sapil","OUD AL HAYAT 100ML EDP  ","6295124039508","880","https://mazaya.eg/en/oud-al-hayat-1190-100ml-edp","https://www.mazaya.eg/media/catalog/product/6/2/6295124039508.jpg?store=en&image-type=small_image"
"Women Fragrance","Sapil","ODE 100ML EDP  ","6295124041136","1090","https://mazaya.eg/en/ode-1194-100ml-edp","https://www.mazaya.eg/media/catalog/product/6/2/6295124041136.jpg?store=en&image-type=small_image"
"Women Fragrance","Sapil","NANCY 50ML EDP  ","6295124001826","660","https://mazaya.eg/en/nancy-336u-50ml-edp","https://www.mazaya.eg/media/catalog/product/6/2/6295124001826.jpg?store=en&image-type=small_image"
"Women Fragrance","Sapil","LAHEEB 100ML EDP  ","6295124039546","880","https://mazaya.eg/en/laheeb-1192-100ml-edp","https://www.mazaya.eg/media/catalog/product/6/2/6295124039546.jpg?store=en&image-type=small_image"
"Women Fragrance","Sapil","HELM 100ML EDP  ","6295124039539","880","https://mazaya.eg/en/helm-694-100ml-edp","https://www.mazaya.eg/media/catalog/product/6/2/6295124039539.jpg?store=en&image-type=small_image"
"Women Fragrance","Sapil","CHICHI 100ML EDT  ","6295124001444","825","https://mazaya.eg/en/chichi902u-100ml-edt","https://www.mazaya.eg/media/catalog/product/6/2/6295124001444.jpg?store=en&image-type=small_image"
"Women Fragrance","Sapil","CARESSE 80ML EDP  ","6295124041082","1090","https://mazaya.eg/en/caresse-1193-80ml-edp","https://www.mazaya.eg/media/catalog/product/6/2/6295124041082.jpg?store=en&image-type=small_image"
"Women Fragrance","Sapil","BOUND 100ML EDP  ","6295124030253","1040","https://mazaya.eg/en/bound1168-100ml-edp","https://www.mazaya.eg/media/catalog/product/6/2/6295124030253.jpg?store=en&image-type=small_image"
"Women Fragrance","Sapil","ALBI 100ML EDP  ","6295124039522","880","https://mazaya.eg/en/albi-694-100ml-edp","https://www.mazaya.eg/media/catalog/product/6/2/6295124039522.jpg?store=en&image-type=small_image"
"Women Fragrance","Sapil","VOGUE 100ML EDP  ","6295124041143","1090","https://mazaya.eg/en/vogue-1195-100ml-edp","https://www.mazaya.eg/media/catalog/product/6/2/6295124041143.jpg?store=en&image-type=small_image"
"Women Fragrance","Sapil","PROMISE 100ML EDP  ","6295124000584","825","https://mazaya.eg/en/promise-920-100ml-edp","https://www.mazaya.eg/media/catalog/product/6/2/6295124000584.jpg?store=en&image-type=small_image"
"Women Fragrance","Sapil","NANCY PINK 50ML EDP  ","6295124002175","660","https://mazaya.eg/en/nancy-pink-336u-50ml-edp","https://www.mazaya.eg/media/catalog/product/6/2/6295124002175.jpg?store=en&image-type=small_image"
"Women Fragrance","Sapil","INTENSE 100ML EDP  ","6295124030314","1040","https://mazaya.eg/en/intense1166-100ml-edp","https://www.mazaya.eg/media/catalog/product/6/2/6295124030314.jpg?store=en&image-type=small_image"
"Women Fragrance","Sapil","DESIRE 80ML EDP  ","6295124041105","1090","https://mazaya.eg/en/desire-1193-80ml-edp","https://www.mazaya.eg/media/catalog/product/6/2/6295124041105.jpg?store=en&image-type=small_image"
"Women Fragrance","XERJOFF","KEMI 50ml Parfum","8054320900900","17000","https://mazaya.eg/en/kemi-50ml-parfum","https://www.mazaya.eg/media/catalog/product/8/0/8054320900900.jpg?store=en&image-type=small_image"
"Women Fragrance","XERJOFF","XXY Parfum","XXY Parfum","25850","https://mazaya.eg/en/xxy-parfum","https://www.mazaya.eg/media/catalog/product/x/e/xerjoff-xxy-parfum-100ml-flacon-photoroom.png-photoroom_1.png?store=en&image-type=small_image"
"Women Fragrance","XERJOFF","Symphonium Parfum","Symphonium Parfum","24850","https://mazaya.eg/en/symphonium-parfum","https://www.mazaya.eg/media/catalog/product/x/e/xerjoff-symphonium-parfum-100ml-flacon-photoroom.png-photoroom.png?store=en&image-type=small_image"
"Women Fragrance","XERJOFF","Accento EDP","Accento EDP","11100","https://mazaya.eg/en/accento-edp","https://www.mazaya.eg/media/catalog/product/x/e/xerjoff-accento-eau_de_parfum-100ml-flacon-photoroom.png-photoroom.png?store=en&image-type=small_image"
"Women Fragrance","XERJOFF","Elle Parfum","Elle Parfum","25850","https://mazaya.eg/en/elle-parfum","https://www.mazaya.eg/media/catalog/product/x/e/xerjoff-elle-parfum-100ml-flacon-photoroom.png-photoroom.png?store=en&image-type=small_image"
"Women Fragrance","XERJOFF","Alexandria II Perfumed Hair Mist 30ml","8033488156060","8750","https://mazaya.eg/en/alexandria-ii-perfumed-hair-mist-30ml","https://www.mazaya.eg/media/catalog/product/8/0/8033488156060_zpyq1flqj7kh0im5.jpg?store=en&image-type=small_image"
"Women Fragrance","XERJOFF","LUNA  50mI Parfum","8054320900849","14350","https://mazaya.eg/en/luna-50mi-parfum","https://www.mazaya.eg/media/catalog/product/8/0/8054320900849.jpg?store=en&image-type=small_image"
"Women Fragrance","XERJOFF","HAYAT 100mI Parfum","8054320900733","22250","https://mazaya.eg/en/hayat-100mi-parfum","https://www.mazaya.eg/media/catalog/product/8/0/8054320900733_1.jpg?store=en&image-type=small_image"
"Women Fragrance","XERJOFF","Opera EDP 50ml","8033488158842","12350","https://mazaya.eg/en/opera-edp-50ml","https://www.mazaya.eg/media/catalog/product/x/e/xerjoff-opera-eau_de_parfum-100ml-flacon_1.png?store=en&image-type=small_image"
"Women Fragrance","XERJOFF","Soprano EDP","Soprano EDP","11100","https://mazaya.eg/en/soprano-edp","https://www.mazaya.eg/media/catalog/product/s/o/soprano_edp.png?store=en&image-type=small_image"
"Women Fragrance","XERJOFF","JTC - Join the Club 400 - edp 50 ml","8054320900276","11800","https://mazaya.eg/en/jtc-join-the-club-400-edp-50-ml","https://www.mazaya.eg/media/catalog/product/i/m/img_8879.jpeg?store=en&image-type=small_image"
"Women Fragrance","XERJOFF","Opera EDP 100ml","8033488156367","19300","https://mazaya.eg/en/opera-edp-100ml","https://www.mazaya.eg/media/catalog/product/x/e/xerjoff-opera-eau_de_parfum-100ml-flacon.png?store=en&image-type=small_image"
"Women Fragrance","Orto Paris","Brutus 50 ml","8717774840832","10850","https://mazaya.eg/en/brutus-50-ml","https://www.mazaya.eg/media/catalog/product/k/k/kkkk.png?store=en&image-type=small_image"
"Women Fragrance","Orto Paris","Boccanera 50 ml","8717774840849","10850","https://mazaya.eg/en/boccanera-50-ml","https://www.mazaya.eg/media/catalog/product/8/7/8717774840849.jpeg?store=en&image-type=small_image"
"Women Fragrance","Orto Paris","Viride 50 ml","8717774840825","10850","https://mazaya.eg/en/viride-50-ml","https://www.mazaya.eg/media/catalog/product/8/7/8717774840825-removebg-preview.png?store=en&image-type=small_image"
"Women Fragrance","Orto Paris","Seminalis 50 ml","8717774840856","10850","https://mazaya.eg/en/seminalis-50-ml","https://www.mazaya.eg/media/catalog/product/8/7/8717774840856_1_.png?store=en&image-type=small_image"
"Women Fragrance","Orto Paris","Cuoium 50 ml","8717774840887","10850","https://mazaya.eg/en/cuoium-50-ml","https://www.mazaya.eg/media/catalog/product/8/7/8717774840887.jpg?store=en&image-type=small_image"
"Women Fragrance","My Perfume","BAUGSONS LOVE MORE WORRY LESS EDP 100ML","6290102023876","1155","https://mazaya.eg/en/baugsons-love-more-worry-less-edp-100ml","https://www.mazaya.eg/media/catalog/product/l/o/love.png?store=en&image-type=small_image"
"Women Fragrance","My Perfume","GOLDEN SPIRIT EDP 100ML","6290102029717","960","https://mazaya.eg/en/golden-spirit-edp-100ml","https://www.mazaya.eg/media/catalog/product/6/2/6290102029717.jpg?store=en&image-type=small_image"
"Women Fragrance","My Perfume","MALEFICENT EDP 100ML","6290102030584","965","https://mazaya.eg/en/maleficent-edp-100ml","https://www.mazaya.eg/media/catalog/product/6/2/6290102030584_1_.jpg?store=en&image-type=small_image"
"Women Fragrance","My Perfume","WOW OUD 53 EDP 80ML","6290102032014","1140","https://mazaya.eg/en/wow-oud-53-edp-80ml","https://www.mazaya.eg/media/catalog/product/6/2/6290102032014_3_.jpg?store=en&image-type=small_image"
"Women Fragrance","My Perfume","CREATION POUR FEMME DEO1 SPRAY 200ML","6378670841207","135","https://mazaya.eg/en/creation-pour-femme-deo1-spray-200ml","https://www.mazaya.eg/media/catalog/product/6/3/6378670841207.png?store=en&image-type=small_image"
"Women Fragrance","My Perfume","SCUDO ELECTRIQUE EDP 100ML","6290102031758","965","https://mazaya.eg/en/scudo-electrique-edp-100ml","https://www.mazaya.eg/media/catalog/product/6/2/6290102031758_1_.jpg?store=en&image-type=small_image"
"Women Fragrance","My Perfume","FABULICIOUS EDP 100ML","6290102032069","1140","https://mazaya.eg/en/fabulicious-edp-100ml","https://www.mazaya.eg/media/catalog/product/6/2/6290102032069_2_.jpg?store=en&image-type=small_image"
"Women Fragrance","My Perfume","LATE NIGHT EDP 100ML","6290102029700","965","https://mazaya.eg/en/late-night-edp-100ml","https://www.mazaya.eg/media/catalog/product/6/2/6290102029700.jpg?store=en&image-type=small_image"
"Women Fragrance","My Perfume","MURANO EDP 100ML","6290102030614","965","https://mazaya.eg/en/murano-edp-100ml","https://www.mazaya.eg/media/catalog/product/6/2/6290102030614_2_.jpg?store=en&image-type=small_image"
"Women Fragrance","My Perfume","RHAPSODY EDP 85ML","6290102030621","955","https://mazaya.eg/en/rhapsody-edp-85ml","https://www.mazaya.eg/media/catalog/product/6/2/6290102030621_2_.jpg?store=en&image-type=small_image"
"Women Fragrance","My Perfume","RIDER BLUE EDP 100ML","6290102031697","965","https://mazaya.eg/en/rider-blue-edp-100ml","https://www.mazaya.eg/media/catalog/product/6/2/6290102031697_2_.jpg?store=en&image-type=small_image"
"Women Fragrance","My Perfume","EVOQUE MEN EDP 100ML","6290102032458","965","https://mazaya.eg/en/evoque-men-edp-100ml","https://www.mazaya.eg/media/catalog/product/6/2/6290102032458_2_.jpg?store=en&image-type=small_image"
"Women Fragrance","My Perfume","SENSITIVE EDP 100ML","6390902028016","805","https://mazaya.eg/en/sensitive-edp-100ml","https://www.mazaya.eg/media/catalog/product/6/3/6390902028016_1_.jpg?store=en&image-type=small_image"
"Women Fragrance","My Perfume","CONQUER EDP 100ML","6290102031918","960","https://mazaya.eg/en/conquer-edp-100ml","https://www.mazaya.eg/media/catalog/product/6/2/6290102031918_2_.jpg?store=en&image-type=small_image"
"Women Fragrance","ISSEY MIYAKE","A'DROP ISSEY  ESSENTIELLE","IM A'DROP ISSEY  ESSENTIELLE","3600","https://mazaya.eg/en/im-a-drop-issey-essentielle","https://www.mazaya.eg/media/catalog/product/3/4/3423222091019-.jpeg?store=en&image-type=small_image"
"Women Fragrance","Nasomatto","Fantomas 30 ml","8717774840344","9250","https://mazaya.eg/en/fantomas-30-ml","https://www.mazaya.eg/media/catalog/product/n/a/nasomatto-product_fantomas2_8717774840344_na044.jpg?store=en&image-type=small_image"
"Women Fragrance","Nasomatto","Nudiflorum 30 ml","8717774840337","9250","https://mazaya.eg/en/nudiflorum-30-ml","https://www.mazaya.eg/media/catalog/product/n/a/nasomatto-product_nudiflorum2_8717774840337_na0042.jpg?store=en&image-type=small_image"
"Women Fragrance","Nasomatto","Black Afgano 30 ml","8717774840061","9250","https://mazaya.eg/en/black-afgano-30-ml","https://www.mazaya.eg/media/catalog/product/n/a/nasomatto-product_blackafgano2_8717774840061_na0017.jpg?store=en&image-type=small_image"
"Women Fragrance","Nasomatto","Absinth 30 ml","8717774840047","9250","https://mazaya.eg/en/absinth-30-ml","https://www.mazaya.eg/media/catalog/product/n/a/nasomatto-product_absinth2_8717774840047_na0015.jpg?store=en&image-type=small_image"
"Women Fragrance","Nasomatto","Silver Musk 30 ml","8717774840023","9250","https://mazaya.eg/en/silver-musk-30-ml","https://www.mazaya.eg/media/catalog/product/n/a/nasomatto-product_silvermusk2_8717774840023_na0013.jpg?store=en&image-type=small_image"
"Women Fragrance","Nasomatto","Blamage 30 ml","8717774840313","9250","https://mazaya.eg/en/blamage-30-ml","https://www.mazaya.eg/media/catalog/product/n/a/nasomatto-product_blamage2_8717774840313_na0020.jpg?store=en&image-type=small_image"
"Women Fragrance","Nasomatto","Narcotic V. 30 ml","8717774840016","9250","https://mazaya.eg/en/narcotic-v-30-ml","https://www.mazaya.eg/media/catalog/product/n/a/nasomatto-product_narcoticv2_8717774840016_na0012.jpg?store=en&image-type=small_image"
"Women Fragrance","DAVIDOFF","Cool Water Reborn Woman EDT 100ml","3616302038398","2772.5","https://mazaya.eg/en/cool-water-reporn-woman-edt-100ml","https://www.mazaya.eg/media/catalog/product/3/6/3616302038398-.jpeg?store=en&image-type=small_image"
"Women Fragrance","DAVIDOFF","COOL WATER WOMAN-100 mL","3414202011752","2860","https://mazaya.eg/en/cool-water-woman-100-ml","https://www.mazaya.eg/media/catalog/product/c/o/cool_water_woman_1_1.jpg?store=en&image-type=small_image"
"Women Fragrance","DAVIDOFF","RUN WILD For Women EDP 100ML","3614227880252","3190","https://mazaya.eg/en/run-wild-for-women-edp-100ml","https://www.mazaya.eg/media/catalog/product/3/6/3614227880252.jpg?store=en&image-type=small_image"
"Women Fragrance","INITIO","Rehab EXTRAIT DE PARFUM 90ml","3701415901452","20550","https://mazaya.eg/en/rehab-extrait-de-parfum-90ml","https://www.mazaya.eg/media/catalog/product/i/n/initio_rehab-1_1_.png?store=en&image-type=small_image"
"Women Fragrance","INITIO","INITIO OUD FOR GREATNESS EDP 90 ML","3701415901377","23100","https://mazaya.eg/en/initio-oud-for-greatness-edp-90-ml","https://www.mazaya.eg/media/catalog/product/l/a/last_1.png?store=en&image-type=small_image"
"Women Fragrance","INITIO","INITIO THE CANAL- ATOMIC ROSE EDP 90 ML","3701415901421","20400","https://mazaya.eg/en/initio-the-canal-atomic-rose-edp-90-ml","https://www.mazaya.eg/media/catalog/product/d/u/duefte-damen-duefte-initio-atomic-rose-edp-spray-90ml_2.jpg?store=en&image-type=small_image"
"Women Fragrance","INITIO","INITIO CANAL-HIGH FREQUENCY 90 ML","3701415900066","19550","https://mazaya.eg/en/initio-canal-high-frequency-90-ml","https://www.mazaya.eg/media/catalog/product/i/n/initio-high-frequency-edp-90-ml_1_.png?store=en&image-type=small_image"
"Women Fragrance","INITIO","Paragon EXTRAIT DE PARFUM 90ml","3701415901438","20900","https://mazaya.eg/en/paragon-extrait-de-parfum-90ml","https://www.mazaya.eg/media/catalog/product/i/n/initio_paragon-2.jpg?store=en&image-type=small_image"
"Women Fragrance","INITIO","Narcotic Delight EAU DE PARFUM 90ml","3701415902008","20400","https://mazaya.eg/en/narcotic-delight-eau-de-parfum-90ml","https://www.mazaya.eg/media/catalog/product/i/n/initio_narcotic_delight-1.png?store=en&image-type=small_image"
"Women Fragrance","GUESS","GUESS ORIGINALS TYPE 3","085715323217","6400","https://mazaya.eg/en/guess-originals-type-3","https://www.mazaya.eg/media/catalog/product/g/u/guess-originals-type_3-_edp_100ml.-2.jpg?store=en&image-type=small_image"
"Women Fragrance","GUESS","GUESS ORIGINALS TYPE 2","085715323200","6400","https://mazaya.eg/en/guess-originals-type-2","https://www.mazaya.eg/media/catalog/product/g/u/guess-originals-type_2-_edp_100ml.-2.jpg?store=en&image-type=small_image"
"Women Fragrance","GUESS","GUESS ORIGINALS TYPE 1","085715323194","6400","https://mazaya.eg/en/guess-originals-type-1","https://www.mazaya.eg/media/catalog/product/g/u/guess-originals-type_1-_edp_100ml.-1.jpg?store=en&image-type=small_image"
"Women Fragrance","GUESS","Love nirvana dream Fragrance Mist 250ml","085715326942","965","https://mazaya.eg/en/love-nirvana-dream-fragrance-mist-250ml","https://www.mazaya.eg/media/catalog/product/4/0/40260839_2-guess-guess-love-nirvana-dream-fragrance-mist-250ml.png?store=en&image-type=small_image"
"Women Fragrance","GUESS","Bella Vita Rosa for Women Eau de Toilette","Bella Vita Rosa for Women Eau de Toilette","3120","https://mazaya.eg/en/bella-vita-rosa-for-women-eau-de-toilette","https://www.mazaya.eg/media/catalog/product/b/e/bellavitarosa-100ml-edt-ref-32650_2.jpg?store=en&image-type=small_image"
"Women Fragrance","GUESS","SEDUCTIVE RED FOR WOMEN FRAG MIST 250ML","085715322432","965","https://mazaya.eg/en/seductive-red-for-women-frag-mist-250ml","https://www.mazaya.eg/media/catalog/product/0/8/085715322432.jpg?store=en&image-type=small_image"
"Women Fragrance","GUESS","GUESS BELLA VITA WOMEN 250ML FRAGR MIST","085715323057","875","https://mazaya.eg/en/guess-bella-vita-women-250ml-fragr-mist","https://www.mazaya.eg/media/catalog/product/0/8/085715323057.jpg?store=en&image-type=small_image"
"Women Fragrance","GUESS"," ICONIC FOR WOMEN FRAGRANCE MIST 250ML","085715323569","1210","https://mazaya.eg/en/gu-iconic-for-women-fragrance-mist-250ml","https://www.mazaya.eg/media/catalog/product/i/c/iconic_for_women_fragrance_mist_250ml.jpg?store=en&image-type=small_image"
"Women Fragrance","GUESS","GU SEDUCTIVE BLUE FOR WOMEN EDT 75ML","085715324283","3365","https://mazaya.eg/en/gu-seductive-blue-for-women-edt-75ml","https://www.mazaya.eg/media/catalog/product/g/u/gu_seductive_blue_for_woman-2.jpg?store=en&image-type=small_image"
"Women Fragrance","GUESS","GUESS BELLA VITA PARADISO FOR WOMEN","085715323446","4450","https://mazaya.eg/en/guess-bella-vita-paradiso-for-women","https://www.mazaya.eg/media/catalog/product/g/u/guess_bella_vita_paradiso_edp_100ml.pic.1.jpg?store=en&image-type=small_image"
"Women Fragrance","GUESS","ICONIC FOR WOMEN EDP 100ML","085715323538","4290","https://mazaya.eg/en/guess-iconic-for-women","https://www.mazaya.eg/media/catalog/product/g/u/guess-iconic-edp100ml.-4.jpg?store=en&image-type=small_image"
"Women Fragrance","GUESS","Love sheer attraction Fragrance Mist 250ml","085715326935","890","https://mazaya.eg/en/love-sheer-attraction-fragrance-mist-250ml","https://www.mazaya.eg/media/catalog/product/8/5/85715326935-guess-guess-love-sheer-attraction-_w_-fragrance-mist-250-ml-1_1638902549.jpg?store=en&image-type=small_image"
"Women Fragrance","GUESS","Love romantic blush Fragrance Mist 250ml","085715326911","890","https://mazaya.eg/en/love-romantic-blush-fragrance-mist-250ml","https://www.mazaya.eg/media/catalog/product/i/m/img_7308158942365619968_85715326911_1_l.jpg?store=en&image-type=small_image"
"Women Fragrance","GUESS","Seductive Noir For Women Fragrance Mist 250ml","085715320261","965","https://mazaya.eg/en/seductive-noir-for-women-fragrance-mist-250ml","https://www.mazaya.eg/media/catalog/product/0/0/000000000001154566_1.jpg?store=en&image-type=small_image"
"Women Fragrance","GUESS","Seductive For Women Fragrance Mist 250ml","085715320162","965","https://mazaya.eg/en/seductive-for-women-fragrance-mist-250ml","https://www.mazaya.eg/media/catalog/product/d/o/download_4__1.jpg?store=en&image-type=small_image"
"Women Fragrance","GUESS","Seductive Red for Women Eau de Toilette 75 ML","085715322401","3135","https://mazaya.eg/en/seductive-red-for-women-eau-de-toilette-75-ml","https://www.mazaya.eg/media/catalog/product/g/u/gu-seductive-red-w-75ml_ref-32173.jpg?store=en&image-type=small_image"
"Women Fragrance","GUESS","Marciano Woman Eau De Parfum 100 ML","3607341792471","2925","https://mazaya.eg/en/marciano-woman-edp","https://www.mazaya.eg/media/catalog/product/u/b/ub4pzfdwni633z3iaivbdmw7rlae181niwiqzuq2.jpg?store=en&image-type=small_image"
"Women Fragrance","GUESS","BELLA VITA EDP","BELLA VITA EDP","3120","https://mazaya.eg/en/bella-vita-edp-100ml","https://www.mazaya.eg/media/catalog/product/7/1/71tvlphxzdl._sl1500__1.jpg?store=en&image-type=small_image"
"Women Fragrance","GUESS","GUESS SEDUCTIVE NOIR","GUESS SEDUCTIVE NOIR","3135","https://mazaya.eg/en/guess-seductive-black-women-cologne","https://www.mazaya.eg/media/catalog/product/g/u/guess-seductive-noir_1.jpg?store=en&image-type=small_image"
"Women Fragrance","GUESS","Guess 1981 Los Angeles L EDT","Guess 1981 Los Angeles L EDT","3135","https://mazaya.eg/en/guess-1981-los-angeles-l-edt","https://www.mazaya.eg/media/catalog/product/n/2/n26089507a_1_1.jpg?store=en&image-type=small_image"
"Women Fragrance","GUESS","Los Angeles 1981EDT-100 ML","085715322210","3135","https://mazaya.eg/en/guess-1981-los-angeles-l-edt-100-ml","https://www.mazaya.eg/media/catalog/product/n/2/n26089507a_1_2.jpg?store=en&image-type=small_image"
"Women Fragrance","GUESS","Guess Pink for Women - Eau de Parfum","Guess Pink for Women - Eau de Parfum","3515","https://mazaya.eg/en/guess-pink-for-women-eau-de-parfum","https://www.mazaya.eg/media/catalog/product/g/u/guess-women-eau-de-parfum-3607341792068_1.jpg?store=en&image-type=small_image"
"Women Fragrance","Nishane","  Hundred Silent Ways X  100 ml","8683608071041","21350","https://mazaya.eg/en/hundred-silent-ways-x-100-ml","https://www.mazaya.eg/media/catalog/product/8/6/8683608071041_2_.jpg?store=en&image-type=small_image"
"Women Fragrance","Nishane","  Karagoz 50 ml","8681008055401","15850","https://mazaya.eg/en/karagoz-50-ml","https://www.mazaya.eg/media/catalog/product/8/6/8681008055401_2_.jpg?store=en&image-type=small_image"
"Women Fragrance","Nishane","NEFS 50 ML","8681008055265","34850","https://mazaya.eg/en/nefs-50-ml","https://www.mazaya.eg/media/catalog/product/8/6/8681008055265.jpg?store=en&image-type=small_image"
"Women Fragrance","Nishane","Sultan Vetiver 50 ml","8681008055487","12500","https://mazaya.eg/en/sultan-vetiver-50-ml","https://www.mazaya.eg/media/catalog/product/8/6/8681008055487.jpg?store=en&image-type=small_image"
"Women Fragrance","Nishane","Fan Your Flames","Fan Your Flames","14000","https://mazaya.eg/en/fan-your-flames","https://www.mazaya.eg/media/catalog/product/8/6/8681008055579.jpg?store=en&image-type=small_image"
"Women Fragrance","Nishane","Hacivat","Hacivat","15850","https://mazaya.eg/en/hacivat","https://www.mazaya.eg/media/catalog/product/8/6/8683608071201_4_.jpg?store=en&image-type=small_image"
"Women Fragrance","Nishane"," Hundred Silent Ways","Hundred Silent Ways","13600","https://mazaya.eg/en/hundred-silent-ways","https://www.mazaya.eg/media/catalog/product/8/6/8681008055586_6_.jpg?store=en&image-type=small_image"
"Women Fragrance","Nishane","ANI","ANI","21050","https://mazaya.eg/en/ani","https://www.mazaya.eg/media/catalog/product/8/6/8681008055067-0.jpg?store=en&image-type=small_image"
"Women Fragrance","Nishane","Ege/ αιγαίο","Ege/ αιγαίο","21600","https://mazaya.eg/en/ege-aigaio","https://www.mazaya.eg/media/catalog/product/8/6/8681008055258_2_.jpg?store=en&image-type=small_image"
"Women Fragrance","Nishane","Wūlóng Chá","Wūlóng Chá","12500","https://mazaya.eg/en/wulong-cha","https://www.mazaya.eg/media/catalog/product/8/6/8681008055418_3_.jpg?store=en&image-type=small_image"
"Women Fragrance","Nishane","  Fan Your Flames X  100 ml","8683608071027","21900","https://mazaya.eg/en/fan-your-flames-x-100-ml","https://www.mazaya.eg/media/catalog/product/8/6/8683608071027_2_.jpg?store=en&image-type=small_image"
"Women Fragrance","Nishane","  Vain & Naive 50 ml","8681008055012","14300","https://mazaya.eg/en/vain-naive-50-ml","https://www.mazaya.eg/media/catalog/product/8/6/8681008055012_3_.jpg?store=en&image-type=small_image"
"Women Fragrance","Nishane","  Zenne 50 ml","8681008055395","15850","https://mazaya.eg/en/zenne-50-ml","https://www.mazaya.eg/media/catalog/product/8/6/8681008055395_3_.jpg?store=en&image-type=small_image"
"Women Fragrance","Nishane","HACIVAT  OUD 50 ML","8683608070914","35900","https://mazaya.eg/en/hacivat-oud-50-ml","https://www.mazaya.eg/media/catalog/product/8/6/8683608070914_2_.jpg?store=en&image-type=small_image"
"Women Fragrance","Nishane","Ambra Calabria 50 ml","8681008055425","12500","https://mazaya.eg/en/ambra-calabria-50-ml","https://backend.mazaya.eg/static/version1776156351/frontend/Magento/luma/en_US/Magento_Catalog/images/product/placeholder/small_image.jpg"
"Women Fragrance","COACH","LOVE EDP 90ML","3386460142175","5200","https://mazaya.eg/en/love-edp-90ml","https://www.mazaya.eg/media/catalog/product/3/3/3386460142175_3_.jpg?store=en&image-type=small_image"
"Women Fragrance","COACH","WILD ROSE EDP","WILD ROSE EDP","5200","https://mazaya.eg/en/wild-rose-edp","https://www.mazaya.eg/media/catalog/product/3/3/3386460126571_3_.jpg?store=en&image-type=small_image"
"Women Fragrance","COACH","FLORAL BLUSH EDP 90ML","3386460108119","4900","https://mazaya.eg/en/floral-blush-edp-90ml","https://www.mazaya.eg/media/catalog/product/3/3/3386460108119.jpg?store=en&image-type=small_image"
"Women Fragrance","COACH","FLORAL EDP 90 ML","3386460095341","4900","https://mazaya.eg/en/floral-edp-90-ml","https://backend.mazaya.eg/static/version1776156351/frontend/Magento/luma/en_US/Magento_Catalog/images/product/placeholder/small_image.jpg"
"Women Fragrance","COACH","Women EDP 90ML","3386460078306","4900","https://mazaya.eg/en/women-edp-90ml","https://www.mazaya.eg/media/catalog/product/3/3/3386460078306_3_.jpg?store=en&image-type=small_image"
"Women Fragrance","Nightology ","NIGHTOLOGY SUEDE BREEZE EDP 100ML","8431754007632","7500","https://mazaya.eg/en/nightology-suede-breeze-edp-100ml","https://www.mazaya.eg/media/catalog/product/n/i/nightology_suede_breeze_packshot_parfum_100ml_015804000_high.jpg?store=en&image-type=small_image"
"Women Fragrance","Nightology ","NIGHTOLOGY EXQUISITE LILY EDP 100ML","8431754007625","7500","https://mazaya.eg/en/nightology-exquisite-lily-edp-100ml","https://www.mazaya.eg/media/catalog/product/n/i/nightology_exquisite_lily_packshot_parfum_100ml_015704000_high.jpg?store=en&image-type=small_image"
"Women Fragrance","Nightology ","NIGHTOLOGY VIVID VELVET  EDP 100ML","8431754007618","7500","https://mazaya.eg/en/nightology-vivid-velvet-edp-100ml","https://www.mazaya.eg/media/catalog/product/n/i/nightology_vivid_velvet_packshot_parfum_100ml_015604000_high.jpg?store=en&image-type=small_image"
"Women Fragrance","Nightology ","NIGHTOLOGY WILD TEMPTATION EDP 100ML","8431754007656","7500","https://mazaya.eg/en/nightology-wild-temptation-edp-100ml","https://www.mazaya.eg/media/catalog/product/n/i/nightology_wild_temptation_packshot_parfum_100ml_016004000_high.jpg?store=en&image-type=small_image"
"Women Fragrance","Nightology ","NIGHTOLOGY INTIMATE ELIXIR EDP 100ML","8431754007649","7500","https://mazaya.eg/en/nightology-intimate-elixir-edp-100ml","https://www.mazaya.eg/media/catalog/product/n/i/nightology_intimate_elixir_packshot_parfum_100ml_015904000_high.jpg?store=en&image-type=small_image"
"Women Fragrance","Tous","TOUS GOLD EDP","TOUS GOLD EDP","3350","https://mazaya.eg/en/tous-gold-edp","https://www.mazaya.eg/media/catalog/product/t/o/tous_gold-pic2_2.jpg?store=en&image-type=small_image"
"Women Fragrance","Tous","TOUS LOVE ME EDP","TOUS LOVE ME EDP","4155","https://mazaya.eg/en/tous-love-me-edp","https://www.mazaya.eg/media/catalog/product/l/o/loveme_bottle_edp_vapo_4_5ml_043621001_high_2.jpg?store=en&image-type=small_image"
"Women Fragrance","Tous","TOUS Love Me SILVER EDP","TOUS Love Me SILVER EDP","4550","https://mazaya.eg/en/tous-love-me-silver-edp","https://www.mazaya.eg/media/catalog/product/t/o/tous_loveme_the_silver_parfume_bottle_parfum_vapo_90ml_044304000_8436550509847_high_2.jpg?store=en&image-type=small_image"
"Women Fragrance","Tous","Tous Touch For Women EDT","Tous Touch For Women EDT","3605","https://mazaya.eg/en/tous-touch-for-women-edt","https://www.mazaya.eg/media/catalog/product/t/o/tous-touch-eau-de-toilette-50ml_2_1_1.jpg?store=en&image-type=small_image"
"Women Fragrance","Tous"," GOLD EDP Set","8436603330657","4675","https://mazaya.eg/en/gold-edp-set","https://backend.mazaya.eg/static/version1776156351/frontend/Magento/luma/en_US/Magento_Catalog/images/product/placeholder/small_image.jpg"
"Women Fragrance","Tous","TOUS Love Me ONYX EDP","TOUS Love Me ONYX EDP","4550","https://mazaya.eg/en/tous-love-me-onyx-edp","https://www.mazaya.eg/media/catalog/product/l/o/loveme_the_onyx_parfum_bottle_parfum_90ml_044004000_high_2.jpg?store=en&image-type=small_image"
"Women Fragrance","Tous","H2O Ecochic Eau de Toilette  Spray","TOUS H2O Ecochic EDT Spray","1340","https://mazaya.eg/en/tous-h2o-ecochic-edt-spray","https://www.mazaya.eg/media/catalog/product/_/k/_kgrhqjhjfefbmyn_wkqbqlupsuz_q__60_57__34325_big_1.jpg?store=en&image-type=small_image"
"Women Fragrance","Tous","L'Eau Eau de Toilette Women Spray","Tous L'Eau Eau de Toilette Women Spray","1285","https://mazaya.eg/en/tous-l-eau-eau-de-toilette-women-spray","https://www.mazaya.eg/media/catalog/product/5/1/519jowsuzml._sl1200__1.jpg?store=en&image-type=small_image"
"Women Fragrance","Tous","Happy Moments Eau De Toilette Spray","Tous Tous Happy Moments Eau De Toilette Spray","1980","https://mazaya.eg/en/tous-tous-happy-moments-eau-de-toilette-spray","https://www.mazaya.eg/media/catalog/product/3/7/378821_1.jpg?store=en&image-type=small_image"
"Women Fragrance","MONT BLANC","SIGNATURE ABSOLUE EDP 90ML","3386460132763","4700","https://mazaya.eg/en/signature-absolue-edp-90ml","https://www.mazaya.eg/media/catalog/product/3/3/3386460132763_3_.jpg?store=en&image-type=small_image"
"Women Fragrance","MONT BLANC","SIGNATURE EDP 90ML","3386460113588","4700","https://mazaya.eg/en/signature-edp-90ml","https://www.mazaya.eg/media/catalog/product/3/3/3386460113588_2_.png?store=en&image-type=small_image"
"Women Fragrance","MONT BLANC","Montblanc Explorer for Men - Eau de Parfum-100 ML","3386460101035","4800","https://mazaya.eg/en/montblanc-explorer-for-men-eau-de-parfum-100-ml","https://www.mazaya.eg/media/catalog/product/3/3/3386460101035_6_.jpg?store=en&image-type=small_image"
"Women Fragrance","Liquides Imaginaires","TUMULTU EDP 100ML","3770004394029","10000","https://mazaya.eg/en/tumultu-edp-100ml","https://www.mazaya.eg/media/catalog/product/1/9/190617-eau-dela-3-tumultu0.png?store=en&image-type=small_image"
"Women Fragrance","Liquides Imaginaires","BELLO RABELO EDP 100ML","3770004394043","10000","https://mazaya.eg/en/bello-rabelo-edp-100ml","https://www.mazaya.eg/media/catalog/product/1/9/190617-eau-sanguine-3-bello-rabelo-scaled.jpg?store=en&image-type=small_image"
"Women Fragrance","Liquides Imaginaires","TAPIS VOLANT EDP 100ML","3770004394715","10000","https://mazaya.eg/en/tapis-volant-edp-100ml","https://www.mazaya.eg/media/catalog/product/1/9/190417-eau-est2b-tapis-volant0.png?store=en&image-type=small_image"
"Women Fragrance","Liquides Imaginaires","SANCTI EDP 100ML","3770004394005","10000","https://mazaya.eg/en/sancti-edp-100ml","https://www.mazaya.eg/media/catalog/product/1/9/190617-eau-dela-1-sancti0.png?store=en&image-type=small_image"
"Women Fragrance","Liquides Imaginaires","PHANTASMA EDP 100ML","3760303360016","10000","https://mazaya.eg/en/phantasma-edp-100ml","https://www.mazaya.eg/media/catalog/product/p/h/phantasma.php_20.png?store=en&image-type=small_image"
"Women Fragrance","Liquides Imaginaires","MELANCOLIA EDP 100ML","3760303360023","10000","https://mazaya.eg/en/melancolia-edp-100ml","https://www.mazaya.eg/media/catalog/product/m/e/melancolia.php_20.png?store=en&image-type=small_image"
"Women Fragrance","Liquides Imaginaires","BEAUTE DU DIABLE EDP 100ML","3770004394654","13850","https://mazaya.eg/en/beaute-du-diable-edp-100ml","https://www.mazaya.eg/media/catalog/product/b/e/beaut_du_diable_bottle0.png?store=en&image-type=small_image"
"Women Fragrance","Liquides Imaginaires","LACRIMA EDP 100ML","3760303360009","10000","https://mazaya.eg/en/lacrima-edp-100ml","https://www.mazaya.eg/media/catalog/product/l/a/lacrima.php0.png?store=en&image-type=small_image"
"Women Fragrance","Liquides Imaginaires","FLEUVE TENDRE EDP 100ML","3770004394593","10000","https://mazaya.eg/en/fleuve-tendre-edp-100ml","https://www.mazaya.eg/media/catalog/product/1/9/190617-eau-imaginaire-fleuve-tendre0.png?store=en&image-type=small_image"
"Women Fragrance","Liquides Imaginaires","FLEUR DE SABLE EDP 100ML","3770004394746","10000","https://mazaya.eg/en/fleur-de-sable-edp-100ml","https://www.mazaya.eg/media/catalog/product/1/9/190417-eau-est1b-fleur-de-sable0.png?store=en&image-type=small_image"
"Women Fragrance","Liquides Imaginaires","DESERT SUAVE EDP 100ML","3770004394623","10000","https://mazaya.eg/en/desert-suave-edp-100ml","https://www.mazaya.eg/media/catalog/product/1/9/190617-eau-imaginaire-desert-suave0.png?store=en&image-type=small_image"
"Women Fragrance","Liquides Imaginaires","BETE HUMAINE 100ML","3760303360115","13850","https://mazaya.eg/en/bete-humaine-100ml","https://www.mazaya.eg/media/catalog/product/b/o/bottle0.png?store=en&image-type=small_image"
"Women Fragrance","Casamorati","XJ Casamorati 1888 - CASAFUTURA - EDP 100 ml","8054320900078","17650","https://mazaya.eg/en/xj-casamorati-1888-casafutura-edp-100-ml","https://www.mazaya.eg/media/catalog/product/c/a/casamorati-1888-eau_de_parfum-100ml-flacon-photoroom.png-photoroom.png?store=en&image-type=small_image"
"Women Fragrance","Casamorati","Gran Ballo EDP 100 ml","8033488153281","17650","https://mazaya.eg/en/gran-ballo-edp-100-ml","https://www.mazaya.eg/media/catalog/product/c/a/casamorati-gran_ballo-eau_de_parfum-100ml-flacon-photoroom.png-photoroom_1.png?store=en&image-type=small_image"
"Women Fragrance","Casamorati","Lira EDP 100 ml","8033488153595","17650","https://mazaya.eg/en/lira-edp-100-ml","https://www.mazaya.eg/media/catalog/product/c/a/casamorati-lira-eau_de_parfum-100ml-flacon-photoroom.png-photoroom.png?store=en&image-type=small_image"
"Women Fragrance","Casamorati","Dama Bianca","8033488151652","17650","https://mazaya.eg/en/dama-bianca","https://www.mazaya.eg/media/catalog/product/8/0/8033488151652_1_1.jpg?store=en&image-type=small_image"
"Women Fragrance","Casamorati","Fiore d'Ulivo EDP 100 ml","8033488153564","17650","https://mazaya.eg/en/fiore-d-ulivo-edp-100-ml","https://www.mazaya.eg/media/catalog/product/c/a/casamorati-fiero-eau_de_parfum-100ml-flacon-photoroom.png-photoroom_1.png?store=en&image-type=small_image"
"Women Fragrance","Casamorati","Italica EDP 100 ml ","8033488154882","19650","https://mazaya.eg/en/italica-edp-100ml","https://www.mazaya.eg/media/catalog/product/c/a/casamorati-italica-eau_de_parfum-100ml-flacon-photoroom.png-photoroom.png?store=en&image-type=small_image"
"Women Fragrance","BVLGARI","Omnia Coral EDT 100ml","783320420672","9790","https://mazaya.eg/en/omnia-coral-edt-100ml","https://www.mazaya.eg/media/catalog/product/7/8/783320420672.jpg?store=en&image-type=small_image"
"Women Fragrance","BVLGARI","RG Blossom Delight EDT 75ml","783320417023","8360","https://mazaya.eg/en/rg-blossom-delight-edt-75ml","https://www.mazaya.eg/media/catalog/product/7/8/783320417023.jpg?store=en&image-type=small_image"
"Women Fragrance","BVLGARI","Omnia Amethyste EDT 100 ML","783320420610","9790","https://mazaya.eg/en/omnia-amethyste-edt-100-ml","https://www.mazaya.eg/media/catalog/product/7/8/783320420610.jpg?store=en&image-type=small_image"
"Women Fragrance","BVLGARI","RG Blossom Delight EDP 50ml","783320404719","8710","https://mazaya.eg/en/rg-blossom-delight-edp-50ml","https://www.mazaya.eg/media/catalog/product/7/8/783320404719_uuw0rkpcb6p3skjs.jpg?store=en&image-type=small_image"
"Women Fragrance","BVLGARI","Omnia Crystalline EDT 100ml","783320420566","9790","https://mazaya.eg/en/omnia-crystalline-edt-100ml","https://www.mazaya.eg/media/catalog/product/7/8/783320420566.jpg?store=en&image-type=small_image"
"Women Fragrance","BVLGARI","Rose Goldea Blossom Delight Eau de Parfum","783320404702","9900","https://mazaya.eg/en/rose-goldea-blossom-delight-edp123","https://www.mazaya.eg/media/catalog/product/b/_/b_1.jpg?store=en&image-type=small_image"
"Women Fragrance","BURBERRY","HER EDP 100ML INTENSE","3616305181060","9495","https://mazaya.eg/en/her-edp-100ml-intense","https://www.mazaya.eg/media/catalog/product/3/6/3616305181060_2_.png?store=en&image-type=small_image"
"Women Fragrance","BURBERRY","GOLD INTENSE EDP 100ML","3616305885876","10560","https://mazaya.eg/en/gold-intense-edp-100ml","https://www.mazaya.eg/media/catalog/product/0/0/005217156764_1.jpg?store=en&image-type=small_image"
"Women Fragrance","BURBERRY","GOLD EDP","GOLD EDP","9780","https://mazaya.eg/en/gold-edp","https://www.mazaya.eg/media/catalog/product/3/6/3616305806093_1__1.jpg?store=en&image-type=small_image"
"Women Fragrance","BURBERRY","Weekend Women Eau de Parfum","3614226905284","4750","https://mazaya.eg/en/burberry-weedend-for-woman12","https://www.mazaya.eg/media/catalog/product/b/u/burberry-weekend-for-woman-eau-de-parfum-100-ml-vapo_2.jpg?store=en&image-type=small_image"
"Women Fragrance","BURBERRY","Women Touch Eau de Parfum","3614226905000","3960","https://mazaya.eg/en/burberry-burberry-touch12","https://www.mazaya.eg/media/catalog/product/2/2/226751365.jpeg?store=en&image-type=small_image"
"Women Fragrance","BURBERRY","Burberry Her Eau de Parfum","Burberry Her EDP","9130","https://mazaya.eg/en/burberry-every-lady-edp12","https://www.mazaya.eg/media/catalog/product/e/b/ebay_1.jpg?store=en&image-type=small_image"
"Women Fragrance","BURBERRY","HER PERFUM","HER PERFUM","7865","https://mazaya.eg/en/her-perfum","https://www.mazaya.eg/media/catalog/product/3/6/3616305947321_4_.jpg?store=en&image-type=small_image"
"Women Fragrance","BURBERRY","My Burberry EDP 90ml","3614226905963","10245","https://mazaya.eg/en/my-burberry-edp-90ml","https://www.mazaya.eg/media/catalog/product/3/6/3614226905963.jpg?store=en&image-type=small_image"
"Women Fragrance","BURBERRY","My Burberry Black EDP 90ml","3614229829006","9515","https://mazaya.eg/en/my-burberry-black-edp-90ml","https://www.mazaya.eg/media/catalog/product/3/6/3614229829006-.jpg?store=en&image-type=small_image"
"Women Fragrance","BURBERRY","Brit For Her EDP 100ml","3614226904973","4355","https://mazaya.eg/en/brit-for-her-edp-100ml","https://www.mazaya.eg/media/catalog/product/7/1/71qds-t-a3l._ac_sl1500_.jpg?store=en&image-type=small_image"
"Women Fragrance","BURBERRY","Classic For Her Eau de Parfum","5045252667309","3555","https://mazaya.eg/en/burberry-classic-for-her-edp12","https://www.mazaya.eg/media/catalog/product/b/u/bur_classi.jpg?store=en&image-type=small_image"
"Women Fragrance","BURBERRY","Her Blossom Eau de Toilette","Burberry Her Blossom EDT","7975","https://mazaya.eg/en/burberry-blossom-for-her-edt12","https://www.mazaya.eg/media/catalog/product/2/0/207-3001117-99240015708_m_1_1.jpg?store=en&image-type=small_image"
"Women Fragrance","Lorenzo Villoresi","Lorenzo Villoresi Patchouli EDT","Lorenzo Villoresi Patchouli EDT","5200","https://mazaya.eg/en/lorenzo-villoresi-patchouli-edt","https://www.mazaya.eg/media/catalog/product/0/0/0016958_-lorenzo-villoresi-patchouli-edt-100ml-_600_2.jpeg?store=en&image-type=small_image"
"Women Fragrance","Lorenzo Villoresi","Lorenzo Villoresi ATMAN XAMAN","Lorenzo Villoresi ATMAN XAMAN","11800","https://mazaya.eg/en/lorenzo-villoresi-atman-xaman","https://www.mazaya.eg/media/catalog/product/s/_/s_ppocytfq_1.jpg?store=en&image-type=small_image"
"Women Fragrance","Lorenzo Villoresi","Lorenzo Villoresi IPERBOREA","Lorenzo Villoresi IPERBOREA","5000","https://mazaya.eg/en/lorenzo-villoresi-iperborea","https://www.mazaya.eg/media/catalog/product/2/9/2968-large-villoresi-iperborea-eau-de-toilette-100-ml-spray_1.jpg?store=en&image-type=small_image"
"Women Fragrance","Lorenzo Villoresi","Teint De Neige Eau de Parfum","Lorenzo Villoresi Teint De Neige EDP","10450","https://mazaya.eg/en/lorenzo-villoresi-teint-de-neige-edp","https://www.mazaya.eg/media/catalog/product/5/1/51ilbp0nv2l._sl1000__1.jpg?store=en&image-type=small_image"
"Women Fragrance","Lorenzo Villoresi","Teint Neige Eau de Toilette","Lorenzo Villoresi Teint Neige EDT","11000","https://mazaya.eg/en/lorenzo-villoresi-teint-neige-edt","https://www.mazaya.eg/media/catalog/product/8/0/8028544100996_63fc82ec7e0f8281742fb8369a5ae71b_1.jpg?store=en&image-type=small_image"
"Women Fragrance","Lorenzo Villoresi","Lorenzo Villoresi PIPER NIGRUM","Lorenzo Villoresi PIPER NIGRUM","5000","https://mazaya.eg/en/lorenzo-villoresi-piper-nigrum","https://www.mazaya.eg/media/catalog/product/p/i/piper-nigrum_1.jpg?store=en&image-type=small_image"
"Women Fragrance","BOND NO. 9","Dubai Collection Garnet Eau De Parfum Spray","Bond No. 9 Dubai Collection Garnet Eau de Parfum Spray","19550","https://mazaya.eg/en/bond-no-9-dubai-collection-garnet-eau-de-parfum-spray1233","https://www.mazaya.eg/media/catalog/product/8/8/888874005617_1.jpg?store=en&image-type=small_image"
"Women Fragrance","BOND NO. 9","Dubai Citrine Eau De Toilette Spray For Unisex","Bond No 9 Dubai Citrine Eau De Toilette Spray For Unisex","19550","https://mazaya.eg/en/bond-no-9-dubai-citrine-eau-de-toilette-spray-for-unisex1233","https://www.mazaya.eg/media/catalog/product/b/o/bond_no.9_-_dubai_citrine-910x1155_1.jpg?store=en&image-type=small_image"
"Women Fragrance","BOND NO. 9","Park Ave South","BOND NO 9 PARK AVE SOUTH","11700","https://mazaya.eg/en/bond-no-9-park-ave-south1233","https://www.mazaya.eg/media/catalog/product/b/o/bond_no_9_park_ave_south_100ml.jpg?store=en&image-type=small_image"
"Women Fragrance","BOND NO. 9","Dubai Amethyst Unisex - Eau De Parfum","Bond No.9 Dubai Amethyst Unisex - Eau de Parfum","19550","https://mazaya.eg/en/bond-no-9-dubai-amethyst-unisex-eau-de-parfum1233","https://www.mazaya.eg/media/catalog/product/8/8/888874005525_1.jpg?store=en&image-type=small_image"
"Women Fragrance","BOND NO. 9","Central Park South","BOND NO 9 CENTRAL PARK SOUTH","11700","https://mazaya.eg/en/bond-no-9-central-park-south1233","https://www.mazaya.eg/media/catalog/product/b/o/bond_no._9_central_park_south_by_bond_no._9_eau_de_parfum_spray_3.4_oz.jpg?store=en&image-type=small_image"
"Women Fragrance","HALLOWEEN","HALLOWEEN MAGIC EDT","HALLOWEEN MAGIC EDT","4000","https://mazaya.eg/en/halloween-magic-edt","https://www.mazaya.eg/media/catalog/product/h/a/halloween_halloween_magic_bottle_edt_vapo_100ml_013904000_high.png?store=en&image-type=small_image"
"Women Fragrance","HALLOWEEN","HALLOWEEN BLOSSOM EDT","8431754007939","3960","https://mazaya.eg/en/halloween-blossom-edt","https://www.mazaya.eg/media/catalog/product/h/a/halloween_halloween_blossom_bottle_edt_vapo_100ml_high.jpg?store=en&image-type=small_image"
"Women Fragrance","HALLOWEEN","Je Del Pozo Dahlia Woman Eau de Parfum","JE DEL POZO DAHILA WOMAN EDP","3119","https://mazaya.eg/en/je-del-pozo-dahila-woman-edp","https://www.mazaya.eg/media/catalog/product/j/e/je_del_pozo_dahila_woman_edp_100_ml_2_1.jpg?store=en&image-type=small_image"
"Women Fragrance","VERSACE","DYLAN PURPLE FOR WOMEN EDP","DYLAN PURPLE FOR WOMEN EDP","6400","https://mazaya.eg/en/dylan-purple-for-women-edp","https://www.mazaya.eg/media/catalog/product/8/0/8011003876273-.jpg?store=en&image-type=small_image"
"Women Fragrance","VERSACE","VERSACE YELLOW DIAMOND 200ML EDT","8011003832286","8400","https://mazaya.eg/en/versace-yellow-diamond-200ml-edt","https://www.mazaya.eg/media/catalog/product/8/0/8011003832286.jpg?store=en&image-type=small_image"
"Women Fragrance","VERSACE","BRIGHT CRYSTAL POUR FEMME PARFUM","BRIGHT CRYSTAL POUR FEMME PARFUM","8400","https://mazaya.eg/en/bright-crystal-pour-femme-parfum","https://www.mazaya.eg/media/catalog/product/8/0/8011003891092_1.jpg?store=en&image-type=small_image"
"Women Fragrance","VERSACE","CRYSTAL NOIR POUR FEMME PARFUM","CRYSTAL NOIR POUR FEMME PARFUM","8400","https://mazaya.eg/en/crystal-noir-pour-femme-parfum","https://www.mazaya.eg/media/catalog/product/8/0/8011003891061--.jpg?store=en&image-type=small_image"
"Women Fragrance","VERSACE","Eros Pour Femme Eau de Parfum","Versace Eros Pour Femme Eau De Parfum Women's Perfume","6200","https://mazaya.eg/en/versace-eros-pour-femme-eau-de-parfum-women-s-perfume123","https://www.mazaya.eg/media/catalog/product/c/f/cf9e5886-a794-405f-9f0a-b3cea30bd297_1.jpg?store=en&image-type=small_image"
"Women Fragrance","VERSACE","Eros Pour Femme Eau de Toilette","Versace Eros Pour Femme By Versace For Women - Eau De Toilette","5315","https://mazaya.eg/en/versace-eros-pour-femme-by-versace-for-women-eau-de-toilette123","https://www.mazaya.eg/media/catalog/product/v/e/versace-eros-pour-femme-womens-1.7-ounce-eau-de-toilette-spray-0b900e25-074c-4827-8f70-bd26fcedcfd9_1.jpg?store=en&image-type=small_image"
"Women Fragrance","VERSACE","Dylan Blue Eau de Parfum For Women","Versace Dylan Blue Eau De Parfum For Women","7900","https://mazaya.eg/en/versace-dylan-blue-eau-de-parfum-for-women123","https://www.mazaya.eg/media/catalog/product/v/e/versace-dylan-blue-eau-de-parfum-8011003839100_1.jpg?store=en&image-type=small_image"
"Women Fragrance","VERSACE","Bright Crystal Absolu Eau de Parfum","VERSACE Bright Crystal Absolu EDP","4250","https://mazaya.eg/en/versace-bright-crystal-absolu-eau-de-parfum123","https://www.mazaya.eg/media/catalog/product/v/e/versace-bright_crystal_absolu_eau_de_parfum_50ml-1-768_1024_75-6822488_1_1.jpg?store=en&image-type=small_image"
"Women Fragrance","VERSACE","Bright Crystal Absolu Eau de Parfum - 90ML","8011003818112","5565","https://mazaya.eg/en/versace-bright-crystal-absolu-eau-de-parfum-90-ml123","https://www.mazaya.eg/media/catalog/product/v/e/versace-bright_crystal_absolu_eau_de_parfum_50ml-1-768_1024_75-6822488_1_2.jpg?store=en&image-type=small_image"
"Women Fragrance","VERSACE","Bright Crystal Eau de Toilette","VERSACE BRIGHT CRYSTAL EAU DE TOILETTE","7300","https://mazaya.eg/en/versace-bright-crystal-eau-de-toilette123","https://www.mazaya.eg/media/catalog/product/v/e/versace_br-versace-8011003993819_1.jpg?store=en&image-type=small_image"
"Women Fragrance","VERSACE","Crystal Noir Eau de Toilette","Versace CRYSTAL NOIR Eau de Toilette","5990","https://mazaya.eg/en/versace-crystal-noir-eau-de-toilette123","https://www.mazaya.eg/media/catalog/product/v/e/versace_cr-versace-8018365070264_1_2.jpg?store=en&image-type=small_image"
"Women Fragrance","VERSACE","Crystal Noir Eau de Parfum","VERSACE CRYSTAL NOIR EDP","7900","https://mazaya.eg/en/versace-crystal-noir-edp123","https://www.mazaya.eg/media/catalog/product/v/e/versace_cr-versace-8018365070264_1.jpg?store=en&image-type=small_image"
"Women Fragrance","Creed","Ladies Eladaria 75 ML","3508440004185","23050","https://mazaya.eg/en/ladies-eladaria-75-ml","https://www.mazaya.eg/media/catalog/product/3/5/3508440004185_1.jpg?store=en&image-type=small_image"
"Women Fragrance","Creed","SPRING FLOWER EDP 75ML","3508440561800","23850","https://mazaya.eg/en/spring-flower-edp-75ml","https://www.mazaya.eg/media/catalog/product/3/5/3508440561800_1.jpg?store=en&image-type=small_image"
"Women Fragrance","Creed","Millesime Carmina 75ML","3508440251435","25200","https://mazaya.eg/en/millesime-carmina-75ml","https://www.mazaya.eg/media/catalog/product/c/a/carmina-bottle-75ml.jpg?store=en&image-type=small_image"
"Women Fragrance","Creed","Millesime Wind Flowers 75ML","3508440506856","25200","https://mazaya.eg/en/millesime-wind-flowers-75ml","https://www.mazaya.eg/media/catalog/product/w/f/wf_2-photoroom.png-photoroom.png?store=en&image-type=small_image"
"Women Fragrance","Creed","Royal Oud EDP 100ml","3508441001121","26850","https://mazaya.eg/en/royal-oud-edp-100ml","https://www.mazaya.eg/media/catalog/product/3/5/3508441001121.jpg?store=en&image-type=small_image"
"Women Fragrance","Creed","Queen of Silk","3508440251848","25200","https://mazaya.eg/en/queen-of-silk","https://www.mazaya.eg/media/catalog/product/c/r/creed_back_shots_008.jpg?store=en&image-type=small_image"
"Women Fragrance","Creed","Love In White Eau De Parfum Spray","3508441104617","23850","https://mazaya.eg/en/creed-love-in-white-eau-de-parfum-spray1233","https://www.mazaya.eg/media/catalog/product/b/3/b3840w__90998.1562171634.jpg?store=en&image-type=small_image"
"Women Fragrance","RALPH LAUREN","RALPH LAUREN Cologne Polo Red EDT Spray Unisex Fragrance","RALPH LAUREN Cologne Polo Red EDT Spray Unisex Fragrance","5940","https://mazaya.eg/en/ralph-lauren-cologne-polo-red-edt-spray-unisex-fragrance","https://www.mazaya.eg/media/catalog/product/1/7/17637371__1509650737_c8016846-e86e-46e4-bd29-24d078084269_1200x1200_1.jpg?store=en&image-type=small_image"
"Women Fragrance","MANCERA","JUICY FLOWERS 120ML","3760265193738","9460","https://mazaya.eg/en/juicy-flowers-120ml","https://www.mazaya.eg/media/catalog/product/3/7/3760265193738.jpg?store=en&image-type=small_image"
"Women Fragrance","NARCISO RODRIGUEZ","N Rodriguez Ladies Radiant Magnolia EDP 100ML","3423222107802","12900","https://mazaya.eg/en/n-rodriguez-ladies-radiant-magnolia-edp-100ml","https://www.mazaya.eg/media/catalog/product/3/4/3423222107802_1_.png?store=en&image-type=small_image"
"Women Fragrance","NARCISO RODRIGUEZ","ALL OF ME INTENSE WOMEN EDP","ALL OF ME INTENSE WOMEN EDP","7400","https://mazaya.eg/en/all-of-me-intense-women-edp","https://www.mazaya.eg/media/catalog/product/3/4/3423222108281_5_.png?store=en&image-type=small_image"
"Women Fragrance","NARCISO RODRIGUEZ","Narciso Rodriguez Narciso Ambrée","Narciso Rodriguez Narciso Ambrée","9200","https://mazaya.eg/en/narciso-rodriguez-narciso-ambree","https://www.mazaya.eg/media/catalog/product/3/1/31dbtxst-ps._ac_uf1000_1000_ql80__2.jpg?store=en&image-type=small_image"
"Women Fragrance","NARCISO RODRIGUEZ","N RODRIGUEZ Santal Musc for Wom 100ML EDP","3423478819153","12900","https://mazaya.eg/en/n-rodriguez-santal-musc-for-wom-100ml-edp","https://www.mazaya.eg/media/catalog/product/3/4/3423478819153_2_.png?store=en&image-type=small_image"
"Women Fragrance","NARCISO RODRIGUEZ","For Her Pure Musc Eau de Parfum-100 ML","3423478515956","9300","https://mazaya.eg/en/for-her-pure-musc-eau-de-parfum-100-ml","https://www.mazaya.eg/media/catalog/product/3/4/3423478515956_1_1_.png?store=en&image-type=small_image"
"Women Fragrance","NARCISO RODRIGUEZ","MUSK NOIR ROSE","3423222055523","6400","https://mazaya.eg/en/nr-fh-mn-rose","https://www.mazaya.eg/media/catalog/product/3/4/3423222055523-.jpg?store=en&image-type=small_image"
"Women Fragrance","NARCISO RODRIGUEZ","NARCISO CRISTAL","3423222055639","9200.01","https://mazaya.eg/en/nr-narciso-cristal","https://www.mazaya.eg/media/catalog/product/3/4/3423222055639---.jpg?store=en&image-type=small_image"
"Women Fragrance","NARCISO RODRIGUEZ","ALL OF ME","3423222080952","6400","https://mazaya.eg/en/nr-c3-23","https://www.mazaya.eg/media/catalog/product/3/4/3423222080952.jpg?store=en&image-type=small_image"
"Women Fragrance","NARCISO RODRIGUEZ","PATCHOULI MUSC INTENSE WOMAN EDP 100ml","3423220004073","12900","https://mazaya.eg/en/patchouli-musc-intense-woman-edp-100ml","https://www.mazaya.eg/media/catalog/product/3/4/3493304415.png?store=en&image-type=small_image"
"Women Fragrance","NARCISO RODRIGUEZ","Narciso Rodriguez Ladies Musc Noir Rose EDP 100ML","3423222055547","9300","https://mazaya.eg/en/narciso-rodriguez-ladies-musc-noir-rose-edp-100ml","https://www.mazaya.eg/media/catalog/product/3/4/3423222055547_1.jpg?store=en&image-type=small_image"
"Women Fragrance","NARCISO RODRIGUEZ","Narciso Rodriguez All Of Me EDP 90ML","3423222080969","8800","https://mazaya.eg/en/narciso-rodriguez-all-of-me-edp-90ml","https://www.mazaya.eg/media/catalog/product/3/4/3423222080969.jpg?store=en&image-type=small_image"
"Women Fragrance","NARCISO RODRIGUEZ","For her musc noir","For her musc noir","9200","https://mazaya.eg/en/for-her-musc-noir","https://www.mazaya.eg/media/catalog/product/5/1/51z5pbemkfl._ac_uf894_1000_ql80_.jpg?store=en&image-type=small_image"
"Women Fragrance","NARCISO RODRIGUEZ","Narciso Cristal Eau de Parfum","3423222055615","6400","https://mazaya.eg/en/narciso-cristal-eau-de-parfum","https://www.mazaya.eg/media/catalog/product/5/8/581931.jpg?store=en&image-type=small_image"
"Women Fragrance","NARCISO RODRIGUEZ","Narciso Rodriguez For Her Eau De Parfum","Narciso Rodriguez For Her Eau De Parfum","6400","https://mazaya.eg/en/narciso-rodriguez-for-her-eau-de-parfum","https://www.mazaya.eg/media/catalog/product/b/3/b37a1be8-95a1-44c7-81c8-ef5801a48026_1.jpeg?store=en&image-type=small_image"
"Women Fragrance","NARCISO RODRIGUEZ","Narciso Rodriguez For Her Oud Musc Eau de Parfum","Narciso Rodriguez For Her Oud Musc Eau de Parfum","11800","https://mazaya.eg/en/narciso-rodriguez-for-her-oud-musc-eau-de-parfum","https://www.mazaya.eg/media/catalog/product/6/1/610euthcv3l._sl1350__1.jpg?store=en&image-type=small_image"
"Women Fragrance","NARCISO RODRIGUEZ","Narciso Rodriguez Rose Musc Eau de Parfum for Women","Narciso Rodriguez Rose Musc Eau de Parfum for Women","12900","https://mazaya.eg/en/narciso-rodriguez-rose-musc-eau-de-parfum-for-women","https://www.mazaya.eg/media/catalog/product/6/q/6q-xfy8qx9o3eh4x2j-ixg-2169712-1000x1000-fit_3.jpg?store=en&image-type=small_image"
"Women Fragrance","NARCISO RODRIGUEZ","Fleur Musc Eau de Parfum - 100ML","3423478818750","7650","https://mazaya.eg/en/narciso-rodriguez-for-her-fleur-musc-eau-de-parfum-100-ml","https://www.mazaya.eg/media/catalog/product/9/9/99ed5bf2-bc2d-4fe8-af16-d6aaa514dcb7_1_1.jpeg?store=en&image-type=small_image"
"Women Fragrance","Viktor And Rolf","Good Fortune Eau de Parfum","Good Fortune EDP","7600","https://mazaya.eg/en/viktor-rolf-bonbon-couture-for-women-eau-de-parfum-1","https://www.mazaya.eg/media/catalog/product/s/2/s2553329-main-zoom_2.jpg?store=en&image-type=small_image"
"Women Fragrance","Viktor And Rolf","FLB EDP RUBY ORCHID SP100ML","3614273622639","9460","https://mazaya.eg/en/flb-edp-ruby-orchid-sp100ml","https://www.mazaya.eg/media/catalog/product/f/l/flowerbomb-ruby-orchid-100ml.jpg?store=en&image-type=small_image"
"Women Fragrance","Viktor And Rolf","Flower bomb Eau de Parfum","VIKTOR & ROLF Flowerbomb Edp","9000","https://mazaya.eg/en/viktor-rolf-flowerbomb-edp","https://www.mazaya.eg/media/catalog/product/a/7/a7e1539d-34c7-4da5-afac-777b39341140_1.jpeg?store=en&image-type=small_image"
"Women Fragrance","LANCÔME","Idole Peach N Roses EDP","Idole Peach N Roses EDP","6700","https://mazaya.eg/en/idole-peach-n-roses-edp","https://www.mazaya.eg/media/catalog/product/p/i/pic_1.jpg?store=en&image-type=small_image"
"Women Fragrance","LANCÔME","La Vie Est Belle Vanille Nude","La Vie Est Belle Vanille Nude","6900","https://mazaya.eg/en/la-vie-est-belle-vanille-nude","https://www.mazaya.eg/media/catalog/product/3/_/3_6_7.jpg?store=en&image-type=small_image"
"Women Fragrance","LANCÔME","Idôle Power","Idôle Power","6700","https://mazaya.eg/en/idole-power","https://www.mazaya.eg/media/catalog/product/l/a/lancome-ladies-idole-power-edp-spray-34-oz-fragrances-3614274299229.jpg?store=en&image-type=small_image"
"Women Fragrance","LANCÔME","LVEB ELIXIR EDP","LVEB ELIXIR EDP","7400","https://mazaya.eg/en/lc-lveb-elixir-edp-v","https://www.mazaya.eg/media/catalog/product/l/n/lncome_images_1.jpeg?store=en&image-type=small_image"
"Women Fragrance","LANCÔME","IDOLE EDT","IDOLE EDT","5900","https://mazaya.eg/en/idole-edt","https://www.mazaya.eg/media/catalog/product/3/6/3614274078558_2.jpg?store=en&image-type=small_image"
"Women Fragrance","LANCÔME","La vie est belle rose extra EDP","La vie est belle rose extra EDP","6900","https://mazaya.eg/en/la-vie-est-belle-rose-extra-edp","https://www.mazaya.eg/media/catalog/product/1/_/1_15_5.jpg?store=en&image-type=small_image"
"Women Fragrance","LANCÔME","LC IDOLE NOW EDP","LC IDOLE NOW EDP","6700","https://mazaya.eg/en/lc-idole-now-edp","https://www.mazaya.eg/media/catalog/product/l/a/lan_dmi_frag_idole-now-100ml_3614273927321_packshot-front_1.1_vi_1.png?store=en&image-type=small_image"
"Women Fragrance","LANCÔME","LA VIE EST BELLE IRIS ABSLOU","LA VIE EST BELLE IRIS ABSLOU","6900","https://mazaya.eg/en/la-vie-est-belle-iris-abslou","https://www.mazaya.eg/media/catalog/product/5/0/50ml.jpg?store=en&image-type=small_image"
"Women Fragrance","LANCÔME","IDOLE EAU DE PARFUM NECTAR","IDOLE NECTAR","6700","https://mazaya.eg/en/idole-nectar","https://www.mazaya.eg/media/catalog/product/l/a/lan_dmi_frag_idole-t4-100ml_03614273749558_packshot_vi_1-1_1__1.jpg?store=en&image-type=small_image"
"Women Fragrance","LANCÔME","IDOLE AURA EAU DE PARFUM","IDOLE AURA EDP","6400","https://mazaya.eg/en/idole-aura-edp12344","https://www.mazaya.eg/media/catalog/product/l/a/lancome-fragrance-id_le-aura-eau-de-parfum-50ml-000-3614273476287-back.png?store=en&image-type=small_image"
"Women Fragrance","LANCÔME","La vie est belle EDP set","6222066407195","8600","https://mazaya.eg/en/la-vie-est-belle-edp-set","https://www.mazaya.eg/media/catalog/product/6/2/6222066407195.png?store=en&image-type=small_image"
"Women Fragrance","LANCÔME","LVEB Vanille Nude set","6222066405696","8975","https://mazaya.eg/en/lveb-vanille-nude-set","https://www.mazaya.eg/media/catalog/product/6/2/6222066405696----------6666666666666666-removebg-preview.png?store=en&image-type=small_image"
"Women Fragrance","LANCÔME","LVEB ELIXIR EDP REFILLABLE 100ML","3614274293975","8000","https://mazaya.eg/en/lcm-lveb-elixir-edp-refill-100ml-nf","https://backend.mazaya.eg/static/version1776156351/frontend/Magento/luma/en_US/Magento_Catalog/images/product/placeholder/small_image.jpg"
"Women Fragrance","LANCÔME","La Vie est Belle Eau de Parfum Refill 100 ML","3614273749381","6500","https://mazaya.eg/en/la-vie-est-belle-eau-de-parfum-refill-100-ml","https://www.mazaya.eg/media/catalog/product/3/6/3614273749381-photoroom.png-photoroom.png?store=en&image-type=small_image"
"Women Fragrance","LANCÔME"," LA VIE EST BELLE 100ML FACE CARE SET - HOLIDAY LIMITED EDITION","3614274078503","8500","https://mazaya.eg/en/la-vie-est-belle-100ml-face-care-set-holiday-limited-edition","https://www.mazaya.eg/media/catalog/product/l/a/lan_holiday_2023_digital_visual_pdp_3614274078503_closebox.png?store=en&image-type=small_image"
"Women Fragrance","LANCÔME","IDOLE L INTENSE EAU DE PARFUM","Idole-L-Intense","7000","https://mazaya.eg/en/idole-l-intense12233","https://www.mazaya.eg/media/catalog/product/m/a/mazaya_products_2.jpg?store=en&image-type=small_image"
"Women Fragrance","LANCÔME","La Vie Est Belle Intensément ","La Vie Est Belle Intensément","9000","https://mazaya.eg/en/la-vie-est-belle-intensement","https://www.mazaya.eg/media/catalog/product/l/a/lancome_fragrance_la-vie-est-belle-intensement-50ml-0003614272964679-front-sl.jpg?store=en&image-type=small_image"
"Women Fragrance","LANCÔME","TRESOR ONYX WOMAN EDP-75 mL","3605533315347","8900","https://mazaya.eg/en/tresor-onyx-woman-edp-75-ml","https://www.mazaya.eg/media/catalog/product/t/r/tresor_onyx_woman_edp_1_1.jpg?store=en&image-type=small_image"
"Women Fragrance","Atyab AL Marshood","Khisla All in All","3760042640837","3025","https://mazaya.eg/en/khisla-all-in-all","https://www.mazaya.eg/media/catalog/product/k/a/kasla_all_in_all_1-removebg-preview.png?store=en&image-type=small_image"
"Women Fragrance","Atyab AL Marshood","Khisla Violet Hair Mist 125ml","3760042640479","3025","https://mazaya.eg/en/khisla-violet-hair-mist-125ml","https://www.mazaya.eg/media/catalog/product/k/a/kasla_violet_1-removebg-preview.png?store=en&image-type=small_image"
"Women Fragrance","Atyab AL Marshood","Khisla Gold Hair Mist 125ml","3760042640332","3025","https://mazaya.eg/en/khisla-gold-hair-mist-125ml","https://www.mazaya.eg/media/catalog/product/k/h/khisla_gold_1-removebg-preview.png?store=en&image-type=small_image"
"Women Fragrance","Atyab AL Marshood","Khisla Pink Hair Mist 125ml","3760042640325","3025","https://mazaya.eg/en/khisla-pink-hair-mist-125ml","https://www.mazaya.eg/media/catalog/product/k/h/khisla_pink_1-removebg-preview.png?store=en&image-type=small_image"
"Women Fragrance","BOURJOIS","MON BOURJOIS LA CAPTIVANTE EDP 50 ML","3616304827181","885","https://mazaya.eg/en/mon-bourjois-la-captivante-edp-50-ml","https://www.mazaya.eg/media/catalog/product/3/6/3616304827181-1.jpg?store=en&image-type=small_image"
"Women Fragrance","BOURJOIS","Mon Bourjois  OUDF EDP 100 ML IV","3616303393083","1260","https://mazaya.eg/en/mon-bourjois-oudf-edp-100-ml-iv","https://www.mazaya.eg/media/catalog/product/3/6/3616303393083.jpg?store=en&image-type=small_image"
"Women Fragrance","BOURJOIS","Mon Bourjois  MAGN EDP 50 ML IV","3616303393137","885","https://mazaya.eg/en/mon-bourjois-magn-edp-50-ml-iv","https://www.mazaya.eg/media/catalog/product/3/6/3616303393137.jpg?store=en&image-type=small_image"
"Women Fragrance","BOURJOIS","Mon Bourjois  FORM EDP 50 ML IV","3616303393069","885","https://mazaya.eg/en/mon-bourjois-form-edp-50-ml-iv","https://www.mazaya.eg/media/catalog/product/3/6/3616303393069___1.jpg?store=en&image-type=small_image"
"Women Fragrance","BOURJOIS","Mon Bourjois  ROEX EDP 100 ML IV","3616303393090","1260","https://mazaya.eg/en/mon-bourjois-roex-edp-100-ml-iv","https://www.mazaya.eg/media/catalog/product/3/6/3616303393090.jpg?store=en&image-type=small_image"
"Women Fragrance","BOURJOIS","Mon Bourjois  FANT EDP 50 ML IV","3616303393052","885","https://mazaya.eg/en/mon-bourjois-fant-edp-50-ml-iv","https://www.mazaya.eg/media/catalog/product/3/6/3616303393052.jpg?store=en&image-type=small_image"
"Women Fragrance","Unknown","RUBY ORCHID  50ML EDP","3614273622622","7400","https://mazaya.eg/en/ruby-orchid-50ml-edp","https://www.mazaya.eg/media/catalog/product/3/6/3614273622622.jpg?store=en&image-type=small_image"
"Women Fragrance","Unknown","Mediterranean Breeze Eau de Parfum","Elizabeth Arden Mediterranean Breeze EDP","2135","https://mazaya.eg/en/elizabeth-arden-mediterranean-breeze-edp123","https://www.mazaya.eg/media/catalog/product/u/n/unnamed_1__1.jpg?store=en&image-type=small_image"
"Women Fragrance","Unknown","Green Tea Cherry Bloosm Eau de Parfum","Elizabeth Arden GREEN TEA CHERRY BLOOSM EDP","2135","https://mazaya.eg/en/green-tea-cherry-bloosm-edp123","https://www.mazaya.eg/media/catalog/product/g/r/green_tea_cherry_bloosm.jpg?store=en&image-type=small_image"
"Women Fragrance","Elizabeth Arden","Green Tea Pomegranate Eau De Toilette","085805573201","3530","https://mazaya.eg/en/green-tea-pomegranate-eau-de-toilette","https://www.mazaya.eg/media/catalog/product/0/8/085805573201.jpg?store=en&image-type=small_image"
"Women Fragrance","Elizabeth Arden","Mediterraneo For Women Eau de Parfum","Elizabeth Arden Mediterraneo For Women EDP","2925","https://mazaya.eg/en/elizabeth-arden-mediterraneo-for-women-edp123","https://www.mazaya.eg/media/catalog/product/u/n/unnamed_5.jpg?store=en&image-type=small_image"
"Women Fragrance","Elizabeth Arden","White Diamonds by Eau de Toilette","719346022705","3465","https://mazaya.eg/en/white-diamonds-by-eau-de-toilette","https://www.mazaya.eg/media/catalog/product/7/1/719346022705.jpg?store=en&image-type=small_image"
"Women Fragrance","Elizabeth Arden","Red Door Eau De Toilette","085805558420","4410","https://mazaya.eg/en/red-door-eau-de-toilette","https://www.mazaya.eg/media/catalog/product/0/8/085805558420.jpg?store=en&image-type=small_image"
"Women Fragrance","Elizabeth Arden","Green Tea Perfume","085805268848","2135","https://mazaya.eg/en/green-tea-perfume","https://www.mazaya.eg/media/catalog/product/0/8/085805268848.jpg?store=en&image-type=small_image"
"Women Fragrance","Elizabeth Arden","Fifth Avenue Only Nyc","085805192969","2925","https://mazaya.eg/en/fifth-avenue-only-nyc","https://www.mazaya.eg/media/catalog/product/0/8/085805192969.jpeg?store=en&image-type=small_image"
"Women Fragrance","FURLA","INCANTEVOLE EDP 100 ML","679602300711","4850","https://mazaya.eg/en/incantevole-edp-100-ml","https://www.mazaya.eg/media/catalog/product/f/u/furla_incantevole_edt_100ml.png?store=en&image-type=small_image"
"Women Fragrance","FURLA","IRRESISTIBILE EDP 100 ML","679602300414","4850","https://mazaya.eg/en/irresistibile-edp-100-ml","https://www.mazaya.eg/media/catalog/product/f/u/furla_irresistibile_edp_100ml.png?store=en&image-type=small_image"
"Women Fragrance","FURLA"," PREZIOSA EDP 100 ML","679602300315","4850","https://mazaya.eg/en/preziosa-edp-100-ml","https://www.mazaya.eg/media/catalog/product/f/u/furla_preziosa_edp_100ml.png?store=en&image-type=small_image"
"Women Fragrance","FURLA","ROMANTICA EDP 100 ML","679602300216","4850","https://mazaya.eg/en/romantica-edp-100-ml","https://www.mazaya.eg/media/catalog/product/f/u/furla_romantica_edp_100ml.png?store=en&image-type=small_image"
"Women Fragrance","FURLA","MAGNIFICA EDP 100 ML","679602300117","4850","https://mazaya.eg/en/magnifica-edp-100-ml","https://www.mazaya.eg/media/catalog/product/f/u/furla_magnifica_edp_100ml.png?store=en&image-type=small_image"
"Women Fragrance","Juicy Couture ","Juicy Couture Viva La Juicy Rose EDP","Juicy Couture Viva La Juicy Rose EDP","6120","https://mazaya.eg/en/vivala-juicy-rose-edp","https://www.mazaya.eg/media/catalog/product/v/i/vivalajuicy_rose_edp_100_ml.jpg?store=en&image-type=small_image"
"Women Fragrance","Juicy Couture ","Juicy Couture VIVA LANOIR WOMAN EDP","VIVA LANOIR WOMAN EDP","6120","https://mazaya.eg/en/viva-lanoir-woman-edp","https://www.mazaya.eg/media/catalog/product/v/i/viva_lanoir_woman_edp.jpg?store=en&image-type=small_image"
"Women Fragrance","Juicy Couture "," JUICY COUTURE PEACE LOVE EDP","PEACE LOVE & JUICY COUTURE EDP","3110","https://mazaya.eg/en/peace-love-juicy-couture-edp","https://www.mazaya.eg/media/catalog/product/p/e/peace_love_juicy_couture_edp.jpg?store=en&image-type=small_image"
"Women Fragrance","Juicy Couture ","Peace Love EDP-100 ML","719346135733","4410","https://mazaya.eg/en/peace-love-and-juicy-couture-edp-100-ml","https://www.mazaya.eg/media/catalog/product/p/e/peace_love_juicy_couture_edp_1_1.jpg?store=en&image-type=small_image"
"Women Fragrance","Juicy Couture ","Juicy Couture for Women EDP","Juicy Couture for Women EDP","4410","https://mazaya.eg/en/juicy-couture-wom-edp","https://www.mazaya.eg/media/catalog/product/j/u/juicy_couture_wom_edp.jpg?store=en&image-type=small_image"
"Women Fragrance","Rasasi","Rasasi - Safina For Women Eau De Parfum","Rasasi - Safina For Women Eau De Parfum","570","https://mazaya.eg/en/rasasi-safina-for-women-eau-de-parfum","https://www.mazaya.eg/media/catalog/product/r/e/res_4f18b581f1b1eeb3b4f3d18341f80fa4_full_1.jpg?store=en&image-type=small_image"
"Women Fragrance","Ulric De Varens","Ulric de Varens Perfume Water","3326240000967","285","https://mazaya.eg/en/ulric-de-varens-perfume-water","https://www.mazaya.eg/media/catalog/product/r/e/res_e0d1e6e6fe6e57e60a0c0f7371b13b15_full.jpg?store=en&image-type=small_image"
"Makeup","YVES SAINT LAURENT","LASH LATEX MASCARA BLACK","3614274486599","2100","https://mazaya.eg/en/lash-latex-mascara-black","https://www.mazaya.eg/media/catalog/product/3/6/3614274486599.png?store=en&image-type=small_image"
"Makeup","YVES SAINT LAURENT","YSL ALL HOURS GLOW FOUNDATION","YSL ALL HOURS GLOW FOUNDATION","3600","https://mazaya.eg/en/ysl-all-hours-glow-foundation","https://www.mazaya.eg/media/catalog/product/y/s/ysl_dmi_makf_ah_glow-foundation-25_packshot_front-opened-and-closed_shade-dn1_3000x3000px_3614274403688_rgb.png?store=en&image-type=small_image"
"Makeup","YVES SAINT LAURENT","LOVESHINE RVS 12 set ","6222066404972","2700","https://mazaya.eg/en/loveshine-rvs-12-set","https://www.mazaya.eg/media/catalog/product/6/2/6222066404972.png?store=en&image-type=small_image"
"Makeup","YVES SAINT LAURENT","LOVESHINE GLOSS","LOVESHINE GLOSS","2700","https://mazaya.eg/en/loveshine-gloss-ysl","https://www.mazaya.eg/media/catalog/product/y/s/ysl_dmi_makl_ysl-loveshine-plumping-gloss_packshot_front-opened-_-closed_shade-01_3000x3000px_4936968874499_rgb.jpg?store=en&image-type=small_image"
"Makeup","YVES SAINT LAURENT","THE INKS MATTE","THE INKS MATTE","2900","https://mazaya.eg/en/the-inks-matte-ysl","https://www.mazaya.eg/media/catalog/product/y/s/ysl_dmi_makl_ysl-the-inks_blur_packshot_front-opened_closed_texture_shade-230_beige-expression_square_3000x3000px_3614274226577_rgb.png?store=en&image-type=small_image"
"Makeup","YVES SAINT LAURENT","LASH CLASH MASCARA BLUE4","3614273964081","2300","https://mazaya.eg/en/lash-clash-mascara-blue4","https://www.mazaya.eg/media/catalog/product/y/s/ysl_dmi_maky_lash-clash-mascara_packshot_front-opened-and-closed_shade-4_blue_3000x3000px_3614273964081_rgb.png?store=en&image-type=small_image"
"Makeup","YVES SAINT LAURENT","All Hours Hyper Bronze","All Hours Hyper Bronze","5900","https://mazaya.eg/en/all-hours-hyper-bronze","https://www.mazaya.eg/media/catalog/product/y/s/ysl_dmi_makf_all-hours-hyper-bronze-powder-24_packshot_front-opened_shade-hyper-bronze-04-warm-sandalwood_square_3000x3000px_3614274068092_rgb.jpg?store=en&image-type=small_image"
"Makeup","YVES SAINT LAURENT","LINES LIBERATED 34H WATERPROOF EYELINER","LINES LIBERATED 34H WATERPROOF EYELINER","2300","https://mazaya.eg/en/lines-liberated-34h-waterproof-eyeliner","https://www.mazaya.eg/media/catalog/product/y/s/ysl_dmi_maky_eye_pencil_lines-liberated_packshot_front-opened_closed_shade-1_unbridled-black_3000x3000px_3614274173765.jpg?store=en&image-type=small_image"
"Makeup","YVES SAINT LAURENT","LOVESHINE CANDY GLAZE","LOVESHINE CANDY GLAZE","2700","https://mazaya.eg/en/loveshine-candy-glaze","https://www.mazaya.eg/media/catalog/product/y/s/ysl_dmi_makl_ysl-loveshine_candy-glaze_packshot_front-opened-_-closed_shade-02-healthy-glow-plumper_square_3000x3000px_4935421761734_rgb.png?store=en&image-type=small_image"
"Makeup","YVES SAINT LAURENT","LOVESHINE LIPSTICK","LOVESHINE LIPSTICK","2700","https://mazaya.eg/en/loveshine-lipstick","https://www.mazaya.eg/media/catalog/product/y/s/ysl_dmi_makl_ysl-loveshine_lipstick_packshot_front-opened_closed_shade-12_electric-love_3000x3000px_3614274132618_rgb.png?store=en&image-type=small_image"
"Makeup","LANCÔME","Lip Idole JuicyTreat Lip Oil Gloss","Lip Idole JuicyTreat Lip Oil Gloss","2600","https://mazaya.eg/en/lip-idole-juicytreat-lip-oil-gloss","https://www.mazaya.eg/media/catalog/product/3/6/3614274382655__1_.png?store=en&image-type=small_image"
"Makeup","LANCÔME","L'ABSOLU ROUGE  DRAMA MATTE","LABSOLU ROUGE DRAMA MATTE","2800","https://mazaya.eg/en/l-absolu-rouge-drama-matte","https://www.mazaya.eg/media/catalog/product/l/a/lan_dmi_makl_absolu-rouge-drama-matte-reno_24_206_3614274196122_packshot-front_white-back_1x1_vi.jpg?store=en&image-type=small_image"
"Makeup","LANCÔME","LIP IDOLE SQUALANE-12 BUTTERGLOW","LIP IDOLE-SQUALANE-12 BUTTERGLOW","2700","https://mazaya.eg/en/lip-idole-squalane-12-butterglow","https://www.mazaya.eg/media/catalog/product/1/-/1-3614274169812-lan_dmi_makl_lip_idole_butterglow_42_closed_and_open_product_3614274169737_packshot-front_1x1_vi_1.png?store=en&image-type=small_image"
"Makeup","LANCÔME","LASH IDOLE FLUTTER EXTENSION MASCARA","3614274195026","2100","https://mazaya.eg/en/lash-idole-flutter-extension-mascara","https://www.mazaya.eg/media/catalog/product/1/-/1-lan_dmi_maky_flutter-extension_25_3614274195026_pdp_flutterextension-packshot_.jpg?store=en&image-type=small_image"
"Makeup","LANCÔME","Blush Subtil","Blush Subtil","3400","https://mazaya.eg/en/blush-subtil","https://www.mazaya.eg/media/catalog/product/l/a/lan_makf_labsolu-blush-subtil-041-figue-espiegle_3605971967092_packshot_front_1x1_1__1.jpg?store=en&image-type=small_image"
"Makeup","LANCÔME","Teint Idole Ultra Wear Highlighter","Teint Idole Ultra Wear Highlighter","3850","https://mazaya.eg/en/teint-idole-ultra-wear-highlighter","https://www.mazaya.eg/media/catalog/product/t/e/teint_idole_ultra_wear_highlighter_1.png?store=en&image-type=small_image"
"Makeup","LANCÔME","Teint Idole Ultra Serum Bronzer","Teint Idole Ultra Serum Bronzer","3800","https://mazaya.eg/en/teint-idole-ultra-serum-bronzer","https://www.mazaya.eg/media/catalog/product/t/e/teint_idole_ultra_serum_bronzer_1.png?store=en&image-type=small_image"
"Makeup","LANCÔME","Hypnose Drama","3614273987714","2300","https://mazaya.eg/en/hypnose-drama","https://www.mazaya.eg/media/catalog/product/i/a/ian_dmi_maky_hypnosedrama_product_3614273987714_packshot-front-with-background_1x1_vi.jpg?store=en&image-type=small_image"
"Makeup","LANCÔME","IDOLE TINT","IDOLE TINT","3100","https://mazaya.eg/en/idole-tint","https://www.mazaya.eg/media/catalog/product/3/6/3614274097870_1.jpg?store=en&image-type=small_image"
"Makeup","LANCÔME","ABSOLU ROUGE MATTE R21","ABSOLU ROUGE MATTE R21","2450","https://mazaya.eg/en/absolu-rouge-matte-r21","https://www.mazaya.eg/media/catalog/product/3/6/3614273307833_1.jpg?store=en&image-type=small_image"
"Makeup","BOURJOIS","BJS Twist up Super Bond 01 BLACK","3616306381698","565","https://mazaya.eg/en/bjs-twist-up-super-bond-01-black","https://www.mazaya.eg/media/catalog/product/3/6/3616306381698.jpg?store=en&image-type=small_image"
"Makeup","BOURJOIS","BJS Maxi Round Pot Highlighter Champagne","3616305712981","937","https://mazaya.eg/en/bjs-maxi-round-pot-highlighter-champagne","https://www.mazaya.eg/media/catalog/product/3/6/3616305712981.jpg?store=en&image-type=small_image"
"Makeup","BOURJOIS","BJS Maxi Round Pot Bronzer Medium Dark","3616305712967","937","https://mazaya.eg/en/bjs-maxi-round-pot-bronzer-medium-dark","https://www.mazaya.eg/media/catalog/product/3/6/3616305712967.jpg?store=en&image-type=small_image"
"Makeup","BOURJOIS","Volume glamour","3616304867156","552","https://mazaya.eg/en/volume-glamour","https://www.mazaya.eg/media/catalog/product/3/6/3616304867156-1.jpg?store=en&image-type=small_image"
"Makeup","BOURJOIS","Healthy mix volume mascara","3616303398231","771","https://mazaya.eg/en/healthy-mix-volume-mascara","https://www.mazaya.eg/media/catalog/product/3/6/3616303398231-1.jpg?store=en&image-type=small_image"
"Makeup","BOURJOIS","Twist Up The Volume- Blue mascara","3616305492456","806","https://mazaya.eg/en/twist-up-the-volume-blue-mascara","https://www.mazaya.eg/media/catalog/product/3/6/3616305492456.jpg?store=en&image-type=small_image"
"Makeup","BOURJOIS","Gloss Fabuleux Gloss","Gloss Fabuleux Gloss","685","https://mazaya.eg/en/gloss-fabuleux-gloss","https://www.mazaya.eg/media/catalog/product/3/6/3616305556417_1.jpg?store=en&image-type=small_image"
"Makeup","BOURJOIS","Brow Wax Effect Lamination","Brow Wax Effect Lamination","738","https://mazaya.eg/en/brow-wax-effect-lamination","https://www.mazaya.eg/media/catalog/product/3/6/3616305344380.jpg?store=en&image-type=small_image"
"Makeup","BOURJOIS","HEALTHY MIX SERUM CONCEALER","HEALTHY MIX SERUM CONCEALER","611","https://mazaya.eg/en/healthy-mix-serum-concealer","https://www.mazaya.eg/media/catalog/product/3/6/3616305242211_1.jpg?store=en&image-type=small_image"
"Makeup","BOURJOIS","HEALTHY MIX LIP OIL","HEALTHY MIX LIP OIL","707","https://mazaya.eg/en/healthy-mix-lip-oil","https://www.mazaya.eg/media/catalog/product/3/6/3616305705921_2.jpg?store=en&image-type=small_image"
"Makeup","Unknown","Air mat foundation","Air mat foundation","843","https://mazaya.eg/en/air-mat-foundation","https://www.mazaya.eg/media/catalog/product/3/6/3616306003699_1.jpg?store=en&image-type=small_image"
"Makeup","Unknown","Style Matic Lipliner","STYLE MATIC LIPLINER","390","https://mazaya.eg/en/style-matic-lipliner","https://www.mazaya.eg/media/catalog/product/8/6/8690604658909_2.jpg?store=en&image-type=small_image"
"Makeup","Unknown","Kineticssolargel KNP","Kineticssolargel KNP","295","https://mazaya.eg/en/kineticssolargel-knp","https://www.mazaya.eg/media/catalog/product/8/0/800307853411.png?store=en&image-type=small_image"
"Makeup","Anastasia Beverly Hills","Hydra Prime SPF 50","689304363129","2970","https://mazaya.eg/en/hydra-prime-spf-50","https://www.mazaya.eg/media/catalog/product/6/8/689304363129.jpg?store=en&image-type=small_image"
"Makeup","Anastasia Beverly Hills","Brow Freeze Gel","689304348461","1740","https://mazaya.eg/en/brow-freeze-gel","https://www.mazaya.eg/media/catalog/product/6/8/689304348461.jpg?store=en&image-type=small_image"
"Makeup","Anastasia Beverly Hills","Lip Velvet","Lip Velvet","1650","https://mazaya.eg/en/lip-velvet","https://www.mazaya.eg/media/catalog/product/6/8/689304194518_2.jpg?store=en&image-type=small_image"
"Makeup","Anastasia Beverly Hills","Smooth Blur Bronzer","Smooth Blur Bronzer","2355","https://mazaya.eg/en/smooth-blur-bronzer","https://www.mazaya.eg/media/catalog/product/6/8/689304101547_1_1.jpg?store=en&image-type=small_image"
"Makeup","Anastasia Beverly Hills","Perfect Brow Pencil","Perfect Brow Pencil-1","1760","https://mazaya.eg/en/perfect-brow-pencil-abh","https://www.mazaya.eg/media/catalog/product/6/8/689304055222_1.jpg?store=en&image-type=small_image"
"Makeup","Anastasia Beverly Hills","Loose Setting Powder","689304250023","2605","https://mazaya.eg/en/loose-setting-powder","https://www.mazaya.eg/media/catalog/product/6/8/689304250023.jpg?store=en&image-type=small_image"
"Makeup","Anastasia Beverly Hills","Sensitive Fine Liner","Sensitive Fine Liner","660","https://mazaya.eg/en/sensitive-fine-liner-abh","https://www.mazaya.eg/media/catalog/product/4/0/4052136159448_1.jpg?store=en&image-type=small_image"
"Makeup","Anastasia Beverly Hills","Cream Bronzer","Cream Bronzer-1","2250","https://mazaya.eg/en/cream-bronzer","https://www.mazaya.eg/media/catalog/product/6/8/689304366069_1.jpg?store=en&image-type=small_image"
"Makeup","Anastasia Beverly Hills","Perfect Brow Pencil","Perfect Brow Pencil","1760","https://mazaya.eg/en/perfect-brow-pencil","https://www.mazaya.eg/media/catalog/product/6/8/689304055079_1.jpg?store=en&image-type=small_image"
"Makeup","Anastasia Beverly Hills","Stick Blush","Stick Blush- ABH","2050","https://mazaya.eg/en/stick-blush-abh","https://www.mazaya.eg/media/catalog/product/6/8/689304186483_1.jpg?store=en&image-type=small_image"
"Makeup","CATRICE","Slim'Matic Ultra Precise Brow Pencil Waterproof 050 Chocolate","4059729191762","290","https://mazaya.eg/en/slim-matic-ultra-precise-brow-pencil-waterproof-050-chocolate","https://www.mazaya.eg/media/catalog/product/4/0/4059729191762.png?store=en&image-type=small_image"
"Makeup","CATRICE","Slim'Matic Ultra Precise Brow Pencil Waterproof 040 Cool Brown","4059729036742","290","https://mazaya.eg/en/slim-matic-ultra-precise-brow-pencil-waterproof-040-cool-brown","https://www.mazaya.eg/media/catalog/product/4/0/4059729036742.png?store=en&image-type=small_image"
"Makeup","CATRICE","Catrice Matte Liner Water-Activated Eyeliner","4059729514752","540","https://mazaya.eg/en/catrice-matte-liner-water-activated-eyeliner","https://www.mazaya.eg/media/catalog/product/4/0/4059729514752.png?store=en&image-type=small_image"
"Makeup","CATRICE","Catrice Dark Ruby Glow Lip Balm 010 Fiery Temptation","4059729355553","455","https://mazaya.eg/en/catrice-dark-ruby-glow-lip-balm-010-fiery-temptation","https://www.mazaya.eg/media/catalog/product/4/0/4059729355553.png?store=en&image-type=small_image"
"Makeup","CATRICE","Catrice All Matt Plus Shine Control Powder 031 Neutral Beige","4059729358295","390","https://mazaya.eg/en/catrice-all-matt-plus-shine-control-powder-031-neutral-beige","https://www.mazaya.eg/media/catalog/product/4/0/4059729358295.png?store=en&image-type=small_image"
"Makeup","CATRICE","Catrice 18H HD Matte Powder Foundation 012W","4059729393760","545","https://mazaya.eg/en/catrice-18h-hd-matte-powder-foundation-012w","https://www.mazaya.eg/media/catalog/product/4/0/4059729393760.png?store=en&image-type=small_image"
"Makeup","CATRICE","The protector hydrate and SPF primer","4059729488633","455","https://mazaya.eg/en/the-protector-hydrate-and-spf-primer","https://www.mazaya.eg/media/catalog/product/4/0/4059729488633_image_front_view_full_open.png?store=en&image-type=small_image"
"Makeup","CATRICE","Super Glue Brow Styling Gel 030","4059729444479","400","https://mazaya.eg/en/super-glue-brow-styling-gel-030","https://www.mazaya.eg/media/catalog/product/4/0/4059729444479_image_front_view_full_open.png?store=en&image-type=small_image"
"Makeup","CATRICE","Soft Glaze Lip Balm 010","4059729489975","455","https://mazaya.eg/en/soft-glaze-lip-balm-010","https://www.mazaya.eg/media/catalog/product/4/0/4059729489975_image_front_view_full_open.png?store=en&image-type=small_image"
"Makeup","CATRICE","Shine bomb lip lacquer","Shine bomb lip lacquer","430","https://mazaya.eg/en/shine-bomb-lip-lacquer","https://www.mazaya.eg/media/catalog/product/4/0/4059729445179_image_front_view_full_open.png?store=en&image-type=small_image"
"Makeup","Maybelline","MNY LIFTER PLUMP","MNY LIFTER PLUMP","610","https://mazaya.eg/en/mny-lifter-plump","https://www.mazaya.eg/media/catalog/product/3/0/30158719_1.jpg?store=en&image-type=small_image"
"Makeup","Maybelline","MNY FACE SUNKISSER","MNY FACE SUNKISSER","470","https://mazaya.eg/en/mny-face-sunkisser","https://www.mazaya.eg/media/catalog/product/3/6/3600531694180_2__2.jpg?store=en&image-type=small_image"
"Makeup","Maybelline"," LIFTER GLOSS NU-027","3600531701925","580","https://mazaya.eg/en/lifter-gloss-nu-027","https://www.mazaya.eg/media/catalog/product/3/6/3600531701925_2_.png?store=en&image-type=small_image"
"Makeup","Maybelline","Tattoo Liner Play","Tattoo Liner Play","490","https://mazaya.eg/en/tattoo-liner-play","https://www.mazaya.eg/media/catalog/product/6/9/6902395858577_1.jpg?store=en&image-type=small_image"
"Makeup","Maybelline","SUNKISSER BLUSH","SUNKISSER BLUSH","470","https://mazaya.eg/en/sunkisser-blush","https://www.mazaya.eg/media/catalog/product/3/6/3600531668396_1.jpg?store=en&image-type=small_image"
"Makeup","Maybelline","TATTOO BROW 36H","TATTOO BROW 36H","410","https://mazaya.eg/en/tattoo-brow-36h","https://www.mazaya.eg/media/catalog/product/m/a/maybelline-tattoo-studio-36h-longwear-brow-pencil-7-deep-brown-3600531630416-primary_1.png?store=en&image-type=small_image"
"Makeup","Maybelline","AGE REWIND CONCEALER","AGE REWIND CONCEALER","670","https://mazaya.eg/en/age-rewind-concealer","https://www.mazaya.eg/media/catalog/product/m/a/maybelline-instant-age-rewind-color-corrector-150-yellow-3600531396855-av11_1.png?store=en&image-type=small_image"
"Makeup","Maybelline","Superstay Vinyl Ink Liquid Lipstick","Superstay Vinyl Ink Liquid Lipstick","690","https://mazaya.eg/en/superstay-vinyl-ink-liquid-lipstick","https://www.mazaya.eg/media/catalog/product/7/1/710_xdvp2ol._ac_sx679__1.jpg?store=en&image-type=small_image"
"Makeup","Maybelline","Lifter Gloss","Lifter Gloss","580","https://mazaya.eg/en/lifter-gloss","https://www.mazaya.eg/media/catalog/product/3/6/3600531609771_1.jpeg?store=en&image-type=small_image"
"Makeup","Maybelline","Brow satin duo eyebrow filling","Brow satin duo eyebrow filling","565","https://mazaya.eg/en/brow-satin-duo-eyebrow-filling","https://www.mazaya.eg/media/catalog/product/2/9/2910082190_2.jpg?store=en&image-type=small_image"
"Makeup","L'Oreal","LINER PERFECT SLIM NU-03 BROWN","3600523959853","570","https://mazaya.eg/en/liner-perfect-slim-nu-03-brown","https://www.mazaya.eg/media/catalog/product/3/6/3600523959853.png?store=en&image-type=small_image"
"Makeup","L'Oreal","INF GEL AUTO LINER","INF GEL AUTO LINER","580","https://mazaya.eg/en/inf-gel-auto-liner","https://www.mazaya.eg/media/catalog/product/3/6/3600524026677._1.jpg?store=en&image-type=small_image"
"Makeup","L'Oreal","Infaillible 32H  Foundation 225","3600524022167","950","https://mazaya.eg/en/infaillible-32h-foundation-225","https://www.mazaya.eg/media/catalog/product/3/6/3600524022167.jpg?store=en&image-type=small_image"
"Makeup","L'Oreal","TELESCOPIC LIFT MASC BLACK NU","30147485","650","https://mazaya.eg/en/telescopic-lift-masc-black-nu","https://www.mazaya.eg/media/catalog/product/3/0/30147485_1.jpg?store=en&image-type=small_image"
"Makeup","L'Oreal","Infallible Matte Liquid Lipstick","Infallible Matte Liquid Lipstick","770","https://mazaya.eg/en/infallible-matte-liquid-lipstick","https://www.mazaya.eg/media/catalog/product/3/0/30149489_1.jpg?store=en&image-type=small_image"
"Makeup","L'Oreal","Color Riche Shine Lipstick","Color Riche Shine Lipstick","780","https://mazaya.eg/en/color-riche-shine-lipstick","https://www.mazaya.eg/media/catalog/product/3/6/3600523465286_1_1.jpg?store=en&image-type=small_image"
"Makeup","L'Oreal","Color Rich Nude Intense Lipstick","Color Rich Nude Intense Lipstick","760","https://mazaya.eg/en/color-rich-nude-intense-lipstick","https://www.mazaya.eg/media/catalog/product/3/6/3600523957477_1.jpg?store=en&image-type=small_image"
"Makeup","L'Oreal","Rouge Signature Plumping lip gloss","Rouge Signature Plumping lip gloss","750","https://mazaya.eg/en/rouge-signature-plumping-lip-gloss","https://www.mazaya.eg/media/catalog/product/3/6/3600523971367_1.jpg?store=en&image-type=small_image"
"Makeup","L'Oreal","INFALLIBLE 24H  FOUNDATION","INFALLIBLE 24H  FOUNDATION","950","https://mazaya.eg/en/infallible-24h-foundation-l-oreal","https://www.mazaya.eg/media/catalog/product/3/6/3600523614493_1.jpg?store=en&image-type=small_image"
"Makeup","L'Oreal","PRIME LAB MATTE SETTER","3600524070021","880","https://mazaya.eg/en/prime-lab-matte-setter","https://www.mazaya.eg/media/catalog/product/3/6/3600524070021-.jpg?store=en&image-type=small_image"
"Makeup","ARTDECOِ","Artdeco Luminous Face Primer","4052136237610","1185","https://mazaya.eg/en/luminous-face-primer","https://www.mazaya.eg/media/catalog/product/4/0/4052136237610.jpg?store=en&image-type=small_image"
"Makeup","ARTDECOِ","Sun Protection Primer SPF30","4052136237627","1120","https://mazaya.eg/en/sun-protection-primer-spf30","https://www.mazaya.eg/media/catalog/product/4/0/4052136237627.png?store=en&image-type=small_image"
"Makeup","ARTDECOِ","Multi-Purpose Brush","4052136255287","635","https://mazaya.eg/en/multi-purpose-brush","https://www.mazaya.eg/media/catalog/product/4/0/4052136255287.png?store=en&image-type=small_image"
"Makeup","ARTDECOِ","Mattifying Face Primer","4052136237603","1120","https://mazaya.eg/en/mattifying-face-primer","https://www.mazaya.eg/media/catalog/product/4/0/4052136237603.png?store=en&image-type=small_image"
"Makeup","ARTDECOِ","Khol Waterproof Liner","4052136248821","595","https://mazaya.eg/en/khol-waterproof-liner","https://www.mazaya.eg/media/catalog/product/4/0/4052136248821.png?store=en&image-type=small_image"
"Makeup","ARTDECOِ","Fluid Camouflage Concealer 05","4052136175325","990","https://mazaya.eg/en/fluid-camouflage-concealer-05","https://www.mazaya.eg/media/catalog/product/4/0/4052136175325.png?store=en&image-type=small_image"
"Makeup","ARTDECOِ","Deep Black Liquid Liner","4052136262254","855","https://mazaya.eg/en/deep-black-liquid-liner","https://www.mazaya.eg/media/catalog/product/4/0/4052136262254.png?store=en&image-type=small_image"
"Makeup","ARTDECOِ","Contour Stick","4052136254396","635","https://mazaya.eg/en/contour-stick","https://www.mazaya.eg/media/catalog/product/4/0/4052136254396_2_.png?store=en&image-type=small_image"
"Makeup","ARTDECOِ","ART Beauty Box Trio FC SS22","4052136159271","610","https://mazaya.eg/en/art-beauty-box-trio-fc-ss22","https://www.mazaya.eg/media/catalog/product/4/0/4052136159271...png?store=en&image-type=small_image"
"Makeup","ARTDECOِ","Eyeshadow matte","4052136159233","360","https://mazaya.eg/en/eyeshadow-matte","https://backend.mazaya.eg/static/version1776156351/frontend/Magento/luma/en_US/Magento_Catalog/images/product/placeholder/small_image.jpg"
"Makeup","Essence","What a tint lip&cheek","What a tint lip&cheek","315","https://mazaya.eg/en/what-a-tint-lip-cheek","https://www.mazaya.eg/media/catalog/product/4/0/4059729490681_image_front_view_full_open.png?store=en&image-type=small_image"
"Makeup","Essence","superlast 24h eyebrow pomade pencil waterproof 20","4251232262032","195","https://mazaya.eg/en/superlast-24h-eyebrow-pomade-pencil-waterproof-20","https://www.mazaya.eg/media/catalog/product/4/2/4251232262032_image_front_view_full_open.png?store=en&image-type=small_image"
"Makeup","Essence","essence soft touch mousse","essence soft touch mousse","290","https://mazaya.eg/en/essence-soft-touch-mousse","https://www.mazaya.eg/media/catalog/product/4/0/4059729516893_image_front_view_full_open.png?store=en&image-type=small_image"
"Makeup","Essence","essence SKIN tint 60","4059729447166","365","https://mazaya.eg/en/essence-skin-tint-60","https://www.mazaya.eg/media/catalog/product/4/0/4059729447166_image_front_view_full_open.png?store=en&image-type=small_image"
"Makeup","Essence","essence line it like a PRO liner 01","4059729446619","315","https://mazaya.eg/en/essence-line-it-like-a-pro-liner-01","https://www.mazaya.eg/media/catalog/product/4/0/4059729446619_image_front_view_full_open.png?store=en&image-type=small_image"
"Makeup","Essence","essence JUICY BERRY tinted lip & cheek balm","4059729516824","290","https://mazaya.eg/en/essence-juicy-berry-tinted-lip-cheek-balm","https://www.mazaya.eg/media/catalog/product/4/0/4059729516824_image_front_view_full_open.png?store=en&image-type=small_image"
"Makeup","Essence","Hydra kiss lip","Hydra kiss lip","275","https://mazaya.eg/en/hydra-kiss-lip","https://www.mazaya.eg/media/catalog/product/4/0/4059729421937_image_front_view_full_open.png?store=en&image-type=small_image"
"Makeup","Essence","gel nail","gel nail","165","https://mazaya.eg/en/gel-nail","https://www.mazaya.eg/media/catalog/product/4/0/4059729409225_image_front_view_full_open.png?store=en&image-type=small_image"
"Makeup","Essence","essence FOUNDATION stick 180","4059729517517","480","https://mazaya.eg/en/essence-foundation-stick-180","https://www.mazaya.eg/media/catalog/product/4/0/4059729517517_image_front_view_full_open.png?store=en&image-type=small_image"
"Makeup","Essence","essence eyeshadow brush 01","4059729446480","215","https://mazaya.eg/en/essence-eyeshadow-brush-01","https://www.mazaya.eg/media/catalog/product/4/0/4059729446480_image_front_view_full_open.png?store=en&image-type=small_image"
"Makeup","Flormar","ANGLED BROW PENCIL 04 DARK BROWN","8690604572069","600","https://mazaya.eg/en/angled-brow-pencil-04-dark-brown","https://www.mazaya.eg/media/catalog/product/8/6/8690604572069_1.png?store=en&image-type=small_image"
"Makeup","Flormar","PERFECT COVERAGE LIQUID CONCEALER","PERFECT COVERAGE LIQUID CONCEALER","390","https://mazaya.eg/en/perfect-coverage-liquid-concealer","https://www.mazaya.eg/media/catalog/product/8/6/8690604558049_1_1.jpg?store=en&image-type=small_image"
"Makeup","Flormar","SMOKY EYES WATERPROOF EYELINER 004 ROYAL BLUE","8690604547272","485","https://mazaya.eg/en/smoky-eyes-waterproof-eyeliner-004-royal-blue","https://www.mazaya.eg/media/catalog/product/8/6/8690604547272_1.jpg?store=en&image-type=small_image"
"Makeup","Flormar","PRECIOUS CURL MASCARA WATERPROOF 002","8690604542376","685","https://mazaya.eg/en/precious-curl-mascara-waterproof-002","https://www.mazaya.eg/media/catalog/product/8/6/8690604542376_1.jpg?store=en&image-type=small_image"
"Makeup","Flormar","HD WEIGHTLESS MATTE LIPSTICK","HD WEIGHTLESS MATTE LIPSTICK","435","https://mazaya.eg/en/hd-weightless-matte-lipstick","https://www.mazaya.eg/media/catalog/product/8/6/8690604518562_1_1.jpg?store=en&image-type=small_image"
"Makeup","Flormar","SILK MATTE LIQUID LIPSTICK","SILK MATTE LIQUID LIPSTICK","465","https://mazaya.eg/en/silk-matte-liquid-lipstick","https://www.mazaya.eg/media/catalog/product/8/6/8682536076609_1_1.jpg?store=en&image-type=small_image"
"Makeup","Flormar","DEWY LIP GLAZE","DEWY LIP GLAZE","400","https://mazaya.eg/en/dewy-lip-glaze","https://www.mazaya.eg/media/catalog/product/8/6/8682536068017_1_1.jpg?store=en&image-type=small_image"
"Makeup","Flormar","LONGER THAN EVER MASCARA","8682536067119","545","https://mazaya.eg/en/longer-than-ever-mascara","https://www.mazaya.eg/media/catalog/product/8/6/8682536067119.jpg?store=en&image-type=small_image"
"Makeup","Flormar","TRIPLE BROW PENCIL","8682536066877","660","https://mazaya.eg/en/triple-brow-pencil-flormar","https://www.mazaya.eg/media/catalog/product/8/6/8682536066877_1.jpg?store=en&image-type=small_image"
"Makeup","Flormar","Lightweight Lip Powder Lipstick","Lightweight Lip Powder Lipstick","435","https://mazaya.eg/en/lightweight-lip-powder-lipstick","https://www.mazaya.eg/media/catalog/product/8/6/8682536061643_1_1.jpg?store=en&image-type=small_image"
"Makeup","CLARINS","Brow duo","3380810387759","1840","https://mazaya.eg/en/brow-duo","https://www.mazaya.eg/media/catalog/product/3/3/3380810387759-1.jpg?store=en&image-type=small_image"
"Makeup","CLARINS","SKIN ILLUSION VELVET","SKIN ILLUSION VELVET","3200","https://mazaya.eg/en/skin-illusion-velvet","https://www.mazaya.eg/media/catalog/product/3/3/3380810482362-1_2.jpg?store=en&image-type=small_image"
"Makeup","CLARINS","Everlasting Youth Fluid Foundation SPF15","Everlasting Youth Fluid Foundation SPF15","2990","https://mazaya.eg/en/everlasting-youth-fluid-foundation-spf15","https://www.mazaya.eg/media/catalog/product/3/3/3380810402742-1_1.jpg?store=en&image-type=small_image"
"Makeup","CLARINS","WONDER PERFECT MASCARA 4D 01","3380810269413","2375","https://mazaya.eg/en/wonder-perfect-mascara-4d-01","https://www.mazaya.eg/media/catalog/product/3/3/3380810269413.png.mst.jpg?store=en&image-type=small_image"
"Makeup","CLARINS","SKIN ILLUSION VELVET 109.5C 30ML","3380810482454","3200","https://mazaya.eg/en/skin-illusion-velvet-109-5c-30ml","https://www.mazaya.eg/media/catalog/product/3/3/3380810482355_1.jpg?store=en&image-type=small_image"
"Makeup","CLARINS","SKIN ILLUSION VELVET 102.5C 30ML","3380810482355","3200","https://mazaya.eg/en/skin-illusion-velvet-102-5c-30ml","https://www.mazaya.eg/media/catalog/product/3/3/3380810482355.jpg?store=en&image-type=small_image"
"Makeup","CLARINS","EVERLASTING CONCEALER 00 12ML","3380810405873","2400","https://mazaya.eg/en/everlasting-concealer-00-12ml","https://www.mazaya.eg/media/catalog/product/3/3/3380810405873.jpg?store=en&image-type=small_image"
"Makeup","CLARINS","EVERLASTING CONCEALER 12ML","EVERLASTING CONCEALER 12ML","2400","https://mazaya.eg/en/everlasting-concealer-12ml","https://www.mazaya.eg/media/catalog/product/3/3/3380810405880_1.jpg?store=en&image-type=small_image"
"Makeup","Kinetics","KINETICS SolarGel","KINETICS SolarGel","295","https://mazaya.eg/en/kinetics-solargel","https://www.mazaya.eg/media/catalog/product/4/7/4752208015442_1.png?store=en&image-type=small_image"
"Makeup","Kinetics","KineticsSolarGel MINDSET","KineticsSolarGel MINDSET","295","https://mazaya.eg/en/kineticssolargel-mindset","https://www.mazaya.eg/media/catalog/product/4/7/4752208008765.jpg?store=en&image-type=small_image"
"Makeup","Kinetics","SolarGel colors","SolarGel colors","295","https://mazaya.eg/en/solargel-colors","https://www.mazaya.eg/media/catalog/product/4/7/4752208015411_1.jpeg?store=en&image-type=small_image"
"Makeup","Kinetics","Kinetics SG Guiltless","Kinetics SG Guiltless","295","https://mazaya.eg/en/kinetics-sg-guiltless","https://www.mazaya.eg/media/catalog/product/4/7/4752208006884_1.jpg?store=en&image-type=small_image"
"Makeup","Kinetics","Kinetics SolarGel Polish","Kinetics SolarGel Polish","295","https://mazaya.eg/en/kinetics-solargel-polish","https://www.mazaya.eg/media/catalog/product/4/7/4752208012595.jpg?store=en&image-type=small_image"
"Makeup","Kinetics","KineticsSolarGel Soul Treat","KineticsSolarGel Soul Treat","295","https://mazaya.eg/en/kineticssolargel-soul-treat","https://www.mazaya.eg/media/catalog/product/4/7/4752208011567.jpg?store=en&image-type=small_image"
"Makeup","Kinetics","KineticsSolarGel AFFECTION","KineticsSolarGel AFFECTION","295","https://mazaya.eg/en/kineticssolargel-affection","https://www.mazaya.eg/media/catalog/product/4/7/4752208009571.jpg?store=en&image-type=small_image"
"Makeup","Kinetics","Kinetics Solar Gel  BlankSpace","Kinetics Solar Gel  BlankSpace","295","https://mazaya.eg/en/kinetics-solar-gel-blankspace","https://www.mazaya.eg/media/catalog/product/4/7/4752208008123.jpg?store=en&image-type=small_image"
"Makeup","Kinetics","Kinetics Solar Gel Renascent","Kinetics Solar Gel Renascent","295","https://mazaya.eg/en/kinetics-solar-gel-renascent","https://www.mazaya.eg/media/catalog/product/4/7/4752208007584.jpg?store=en&image-type=small_image"
"Makeup","Kinetics","Kinetics SolarGel 8 Fits","Kinetics SolarGel 8 Fits","295","https://mazaya.eg/en/kinetics-solargel-8-fits","https://www.mazaya.eg/media/catalog/product/4/7/4752208007287_.jpg?store=en&image-type=small_image"
"Makeup","Placentor ","Micellar water 400ML","3760099700553","2200","https://mazaya.eg/en/micellar-water-400ml","https://www.mazaya.eg/media/catalog/product/3/7/3760099700553_1.png?store=en&image-type=small_image"
"Makeup","Placentor ","Micellar solution 400ML","3760099700621","2200","https://mazaya.eg/en/micellar-solution-400ml","https://www.mazaya.eg/media/catalog/product/3/7/3760099700621_solution_micellaire_apaisante_400ml.jpg?store=en&image-type=small_image"
"Makeup","Note Cosmetique","NOTE PROFESSIONAL EYESHADOW 101","8680705329013","530","https://mazaya.eg/en/note-professional-eyeshadow-101","https://www.mazaya.eg/media/catalog/product/8/6/8680705329013.jpg?store=en&image-type=small_image"
"Makeup","Note Cosmetique","NOTE MINERAL POWDER","NOTE MINERAL POWDER","790","https://mazaya.eg/en/note-mineral-powder","https://www.mazaya.eg/media/catalog/product/3/7/3760237854407_1.jpg?store=en&image-type=small_image"
"Makeup","Note Cosmetique","NOTE DETOX AND PROTECT FOUNDATION ","NOTE DETOX AND PROTECT FOUNDATION-1","520","https://mazaya.eg/en/note-detox-and-protect-foundation","https://www.mazaya.eg/media/catalog/product/3/7/3760237853257-2.jpg?store=en&image-type=small_image"
"Makeup","Note Cosmetique","NOTE BB CREAM ","NOTE BB CREAM","475","https://mazaya.eg/en/note-bb-cream","https://www.mazaya.eg/media/catalog/product/3/7/3701365719435.jpg?store=en&image-type=small_image"
"Makeup","Note Cosmetique","NOTE MINERAL FOUNDATION","NOTE MINERAL FOUNDATION","675","https://mazaya.eg/en/note-mineral-foundation","https://www.mazaya.eg/media/catalog/product/3/7/3760237854032_1.jpg?store=en&image-type=small_image"
"Makeup","Note Cosmetique","LASH MASTER MASCARA","3701365722640","390","https://mazaya.eg/en/lash-master-mascara-note","https://www.mazaya.eg/media/catalog/product/3/7/3701365722640.jpg?store=en&image-type=small_image"
"Makeup","Note Cosmetique","BAKED BLUSHER","BAKED BLUSHER","475","https://mazaya.eg/en/baked-blusher","https://www.mazaya.eg/media/catalog/product/n/o/note_baked_blusher_01.jpg?store=en&image-type=small_image"
"Makeup","Note Cosmetique","MATTEMOIST LIPSTICK","MATTEMOIST","240","https://mazaya.eg/en/mattemoist","https://www.mazaya.eg/media/catalog/product/m/a/mattemoist_lipstick_303.jpg?store=en&image-type=small_image"
"Makeup","Note Cosmetique","NOTE BAKED POWDER","NOTE BAKED POWDER","450","https://mazaya.eg/en/note-baked-powder","https://www.mazaya.eg/media/catalog/product/n/o/note_baked_powder_01-1.jpg?store=en&image-type=small_image"
"Makeup","Note Cosmetique","NOTE LE VOLUME PLUMP & CARE LIPGLOSS","NOTE LE VOLUME PLUMP&CARE LIPGLOSS","250","https://mazaya.eg/en/note-le-volume-plump-care-lipgloss","https://www.mazaya.eg/media/catalog/product/n/o/note_le_volume_plump_care_lipgloss_07-2.jpg?store=en&image-type=small_image"
"Makeup","LORD AND BERRY","LAB LASH WARDROBE COLLECTION EL6","617561903673","85","https://mazaya.eg/en/lab-lash-wardrobe-collection-el6","https://www.mazaya.eg/media/catalog/product/e/l/el6.jpg?store=en&image-type=small_image"
"Makeup","WET N WILD","W.W PHOTO FOCUS FOUNDATION","W.W PHOTO FOCUS FOUNDATION","255","https://mazaya.eg/en/w-w-photo-focus-foundation","https://www.mazaya.eg/media/catalog/product/4/0/4049775537133_1.jpg?store=en&image-type=small_image"
"Makeup","WET N WILD","W.W E757A COLOR ICON 10 PAN PALETTE","W.W E757A COLOR ICON 10 PAN PALETTE","210","https://mazaya.eg/en/w-w-e757a-color-icon-10-pan-palette-4049775","https://www.mazaya.eg/media/catalog/product/4/0/4049775001061_3.jpeg?store=en&image-type=small_image"
"Makeup","WET N WILD","Ultimate Brow Kit","4049775596307","185","https://mazaya.eg/en/ultimate-brow-kit1332","https://www.mazaya.eg/media/catalog/product/2/3/237537.jpg?store=en&image-type=small_image"
"Makeup","WET N WILD","MegaLast Lip Color - Smooth Mauves","4049775001368","125","https://mazaya.eg/en/wet-n-wild-megalast-lip-color-smooth-mauves1332","https://www.mazaya.eg/media/catalog/product/s/m/smooth_mauves_2.jpg?store=en&image-type=small_image"
"Makeup","WET N WILD","MegaLast Lip Color - Rose The Matter","4049775001351","125","https://mazaya.eg/en/wet-n-wild-megalast-lip-color-rose-the-matter1332","https://www.mazaya.eg/media/catalog/product/r/o/rose_the_matter_2.jpg?store=en&image-type=small_image"
"Makeup","WET N WILD","MegaLast Lip Color - Never Nude","4049775001344","125","https://mazaya.eg/en/wet-n-wild-megalast-lip-color-never-nude1332","https://www.mazaya.eg/media/catalog/product/n/e/never_nude_2.jpg?store=en&image-type=small_image"
"Makeup","WET N WILD","PHOTO FOCUS FACE PRIMER - MATTE","4049775585004","180","https://mazaya.eg/en/photo-focus-face-primer-matte1332","https://www.mazaya.eg/media/catalog/product/4/0/4049775585004.jpeg?store=en&image-type=small_image"
"Makeup","WET N WILD","Ruj MegaLast","WET N WILD Ruj MegaLast","125","https://mazaya.eg/en/wet-n-wild-ruj-megalast1332","https://www.mazaya.eg/media/catalog/product/c/a/carrot_gold_1.jpg?store=en&image-type=small_image"